seq,id,species,gene
GTTGT,IGHD1-1*01,homo sapiens,IGHD
GITGT,IGHD1-14*01,homo sapiens,IGHD
GITGT,IGHD1-20*01,homo sapiens,IGHD
GIVGAT,IGHD1-26*01,homo sapiens,IGHD
GITGT,IGHD1-7*01,homo sapiens,IGHD
GITGT,IGHD1/OR15-1a*01,homo sapiens,IGHD
GITGT,IGHD1/OR15-1b*01,homo sapiens,IGHD
RIL*WW*LLL,IGHD2-15*01,homo sapiens,IGHD
RIL**YQLLC,IGHD2-2*01,homo sapiens,IGHD
RIL**YQLLY,IGHD2-2*02,homo sapiens,IGHD
WIL**YQLLC,IGHD2-2*03,homo sapiens,IGHD
SILWW*LLF,IGHD2-21*01,homo sapiens,IGHD
SILWW*LLF,IGHD2-21*02,homo sapiens,IGHD
RILY*WCMLY,IGHD2-8*01,homo sapiens,IGHD
RILYWWCMLY,IGHD2-8*02,homo sapiens,IGHD
RIL**YYFLC,IGHD2/OR15-2a*01,homo sapiens,IGHD
RIL**YYFLC,IGHD2/OR15-2b*01,homo sapiens,IGHD
VLLWFGELL*,IGHD3-10*01,homo sapiens,IGHD
VLLXFGELL*,IGHD3-10*02,homo sapiens,IGHD
VL*LRLGELCLY,IGHD3-16*01,homo sapiens,IGHD
VL*LRLGELSLY,IGHD3-16*02,homo sapiens,IGHD
VLL***WLLL,IGHD3-22*01,homo sapiens,IGHD
VLRFLEWLLY,IGHD3-3*01,homo sapiens,IGHD
VLAFLEWLLY,IGHD3-3*02,homo sapiens,IGHD
VLRYFDWLL*,IGHD3-9*01,homo sapiens,IGHD
VL*FLDWLLY,IGHD3/OR15-3a*01,homo sapiens,IGHD
VL*FLDWLLY,IGHD3/OR15-3b*01,homo sapiens,IGHD
*LQ*L,IGHD4-11*01,homo sapiens,IGHD
*LR*L,IGHD4-17*01,homo sapiens,IGHD
*LRW*L,IGHD4-23*01,homo sapiens,IGHD
*LQ*L,IGHD4-4*01,homo sapiens,IGHD
*LWC*L,IGHD4/OR15-4a*01,homo sapiens,IGHD
*LWC*L,IGHD4/OR15-4b*01,homo sapiens,IGHD
VDIVATI,IGHD5-12*01,homo sapiens,IGHD
VDTAMV,IGHD5-18*01,homo sapiens,IGHD
VEMATI,IGHD5-24*01,homo sapiens,IGHD
VDTAMV,IGHD5-5*01,homo sapiens,IGHD
VDIVSTI,IGHD5/OR15-5a*01,homo sapiens,IGHD
VDIVSTI,IGHD5/OR15-5b*01,homo sapiens,IGHD
GYSSSWY,IGHD6-13*01,homo sapiens,IGHD
GYSSGWY,IGHD6-19*01,homo sapiens,IGHD
GYSSGY,IGHD6-25*01,homo sapiens,IGHD
EYSSSS,IGHD6-6*01,homo sapiens,IGHD
LTG,IGHD7-27*01,homo sapiens,IGHD
AEYFQHWGQGTLVTVSS,IGHJ1*01,homo sapiens,IGHJ
YWYFDLWGRGTLVTVSS,IGHJ2*01,homo sapiens,IGHJ
DAFDVWGQGTMVTVSS,IGHJ3*01,homo sapiens,IGHJ
DAFDIWGQGTMVTVSS,IGHJ3*02,homo sapiens,IGHJ
YFDYWGQGTLVTVSS,IGHJ4*01,homo sapiens,IGHJ
YFDYWGQGTLVTVSS,IGHJ4*02,homo sapiens,IGHJ
YFDYWGQGTLVTVSS,IGHJ4*03,homo sapiens,IGHJ
NWFDSWGQGTLVTVSS,IGHJ5*01,homo sapiens,IGHJ
NWFDPWGQGTLVTVSS,IGHJ5*02,homo sapiens,IGHJ
YYYYYGMDVWGQGTTVTVSS,IGHJ6*01,homo sapiens,IGHJ
YYYYYGMDVWGQGTTVTVSS,IGHJ6*02,homo sapiens,IGHJ
YYYYYYMDVWGKGTTVTVSS,IGHJ6*03,homo sapiens,IGHJ
YYYYYGMDVWGKGTTVTVSS,IGHJ6*04,homo sapiens,IGHJ
QVQLVQSGAEVKKPGASVKVSCKASGYTFTSYGISWVRQAPGQGLEWMGWISAYNGNTNYAQKLQGRVTMTTDTSTSTAYMELRSLRSDDTAVYYCAR,IGHV1-18*01,homo sapiens,IGHV
QVQLVQSGAEVKKPGASVKVSCKASGYTFTSYGISWVRQAPGQGLEWMGWISAYNGNTNYAQKLQGRVTMTTDTSTSTAYMELRSLRSDDTA,IGHV1-18*02,homo sapiens,IGHV
QVQLVQSGAEVKKPGASVKVSCKASGYTFTSYGISWVRQAPGQGLEWMGWISAYNGNTNYAQKLQGRVTMTTDTSTSTAYMELRSLRSDDMAVYYCAR,IGHV1-18*03,homo sapiens,IGHV
QVQLVQSGAEVKKPGASVKVSCKASGYTFTSYGISWVRQAPGQGLEWMGWISAYNGNTNYAQKLQGRVTMTTDTSTSTAYMELRSLRSDDTAVYYCAR,IGHV1-18*04,homo sapiens,IGHV
QVQLVQSGAEVKKPGASVKVSCKASGYTFTGYYMHWVRQAPGQGLEWMGRINPNSGGTNYAQKFQGRVTSTRDTSISTAYMELSRLRSDDTVVYYCAR,IGHV1-2*01,homo sapiens,IGHV
QVQLVQSGAEVKKPGASVKVSCKASGYTFTGYYMHWVRQAPGQGLEWMGWINPNSGGTNYAQKFQGRVTMTRDTSISTAYMELSRLRSDDTAVYYCAR,IGHV1-2*02,homo sapiens,IGHV
QVQLVQSGAEVKKLGASVKVSCKASGYTFTGYYMHWVXQAPGQGLEWMGWINPNSGGTNYAQKFQGRVTMTRDTSISTAYMELSRLRSDDTAVYYCAR,IGHV1-2*03,homo sapiens,IGHV
QVQLVQSGAEVKKPGASVKVSCKASGYTFTGYYMHWVRQAPGQGLEWMGWINPNSGGTNYAQKFQGWVTMTRDTSISTAYMELSRLRSDDTAVYYCAR,IGHV1-2*04,homo sapiens,IGHV
QVQLVQSGAEVKKPGASVKVSCKASGYTFTGYYMHWVRQAPGQGLEWMGRINPNSGGTNYAQKFQGRVTMTRDTSISTAYMELSRLRSDDTVVYYCAR,IGHV1-2*05,homo sapiens,IGHV
QVQLVQSGAEVKKPGASVKVSCKASGYTFTGYYMHWVRQAPGQGLEWMGRINPNSGGTNYAQKFQGRVTMTRDTSISTAYMELSRLRSDDTAVYYCAR,IGHV1-2*06,homo sapiens,IGHV
QVQLVQSGAEVKKPGASVKVSCKASGYTFTGYYMHWVRQAPGQGLEWMGWINPNSGGTNYAHKFQGRVTMTRDTSISTAYMELSRLRSDDTAVYYCAR,IGHV1-2*07,homo sapiens,IGHV
QVQLVQSGAEVKKPGASVKVSCKVSGYTLTELSMHWVRQAPGKGLEWMGGFDPEDGETIYAQKFQGRVTMTEDTSTDTAYMELSSLRSEDTAVYYCAT,IGHV1-24*01,homo sapiens,IGHV
QVQLVQSGAEVKKPGASVKVSCKASGYTFTSYAMHWVRQAPGQRLEWMGWINAGNGNTKYSQKFQGRVTITRDTSASTAYMELSSLRSEDTAVYYCAR,IGHV1-3*01,homo sapiens,IGHV
QVQLVQSGAEVKKPGASVKVSCKASGYTFTSYAMHWVRQAPGQRLEWMGWSNAGNGNTKYSQEFQGRVTITRDTSASTAYMELSSLRSEDMAVYYCAR,IGHV1-3*02,homo sapiens,IGHV
QVQLVQSGAEVKKPGASVKVSCKASGYTFTSYAMHWVRQAPGQRLEWMGWINAGNGNTKYSQEFQGRVTITRDTSASTAYMELSSLRSEDMAVYYCAR,IGHV1-3*03,homo sapiens,IGHV
QVQLVQSGAEVKKPGASVKVSCKASGYTFTSYAMHWVRQAPGQRLEWMGWINTGNGNTKYSQKFQGRVTITRDTSASTAYMELSSLRSEDTAVYYCAR,IGHV1-3*04,homo sapiens,IGHV
QVQLVQSGAEEKKPGASVKVSCKASGYTFTSYAMHWVRQAPGQRLEWMGWINAGNGNTKYSQKFQGRVTITRDTSASTAYMELSSLRSEDTAVYYCAR,IGHV1-3*05,homo sapiens,IGHV
QVQLVQSWAEVRKSGASVKVSCSFSGFTITSYGIHWVQQSPGQGLEWMGWINPGNGSPSYAKKFQGRFTMTRDMSTTTAYTDLSSLTSEDMAVYYYAR,IGHV1-38-4*01,homo sapiens,IGHV
QMQLVQSGAEVKKTGSSVKVSCKASGYTFTYRYLHWVRQAPGQALEWMGWITPFNGNTNYAQKFQDRVTITRDRSMSTAYMELSSLRSEDTAMYYCAR,IGHV1-45*01,homo sapiens,IGHV
QMQLVQSGAEVKKTGSSVKVSCKASGYTFTYRYLHWVRQAPGQALEWMGWITPFNGNTNYAQKFQDRVTITRDRSMSTAYMELSSLRSEDTAMYYCAR,IGHV1-45*02,homo sapiens,IGHV
QMQLVQSGAEVKKTGSSVKVSCKASGYTFTYRYLHWVRQAPRQALEWMGWITPFNGNTNYAQKFQDRVTITRDRSMSTAYMELSSLRSEDTAMYYCAR,IGHV1-45*03,homo sapiens,IGHV
QVQLVQSGAEVKKPGASVKVSCKASGYTFTSYYMHWVRQAPGQGLEWMGIINPSGGSTSYAQKFQGRVTMTRDTSTSTVYMELSSLRSEDTAVYYCAR,IGHV1-46*01,homo sapiens,IGHV
QVQLVQSGAEVKKPGASVKVSCKASGYTFNSYYMHWVRQAPGQGLEWMGIINPSGGSTSYAQKFQGRVTMTRDTSTSTVYMELSSLRSEDTAVYYCAR,IGHV1-46*02,homo sapiens,IGHV
QVQLVQSGAEVKKPGASVKVSCKASGYTFTSYYMHWVRQAPGQGLEWMGIINPSGGSTSYAQKFQGRVTMTRDTSTSTVYMELSSLRSEDTAVYYCAR,IGHV1-46*03,homo sapiens,IGHV
QVQLVQSGAEVKKPGASVKVSCKASGYTFTSYYMHWVRQAPGQGLEWMGIINPSGGSTSYAQKLQGRVTMTRDTSTSTVYMELSSLRSEDTAVYYCAR,IGHV1-46*04,homo sapiens,IGHV
QMQLVQSGPEVKKPGTSVKVSCKASGFTFTSSAVQWVRQARGQRLEWIGWIVVGSGNTNYAQKFQERVTITRDMSTSTAYMELSSLRSEDTAVYYCAA,IGHV1-58*01,homo sapiens,IGHV
QMQLVQSGPEVKKPGTSVKVSCKASGFTFTSSAMQWVRQARGQRLEWIGWIVVGSGNTNYAQKFQERVTITRDMSTSTAYMELSSLRSEDTAVYYCAA,IGHV1-58*02,homo sapiens,IGHV
QMQLVQSGPEVKKPGTSVKVSCKASGFTFTSSAVQWVRQARGQRLEWIGWIVVGSGNTNYAQKFQERVTITRDMSTSTAYMELSSLRSEDTAVYYCAA,IGHV1-58*03,homo sapiens,IGHV
QVQLGQSEAEVKKPGASVKVSCKASGYTFTCCSLHWLQQAPGQGLERMRWITLYNGNTNYAKKFQGRVTITRDMSLRTAYIELSSLRSEDSAVYYWAR,IGHV1-68*01,homo sapiens,IGHV
QVQLGQSEAEVKKPGASVKVSCKASGYTFTYCSLHWLQQAPGQGLERMRWITLYNGNINYAKKFQSRVTITRDMSLRTAYIELSSLRSEDSAVYYWAR,IGHV1-68*02,homo sapiens,IGHV
QVQLVQSGAEVKKPGSSVKVSCKASGGTFSSYAISWVRQAPGQGLEWMGGIIPIFGTANYAQKFQGRVTITADESTSTAYMELSSLRSEDTAVYYCAR,IGHV1-69*01,homo sapiens,IGHV
QVQLVQSGAEVKKPGSSVKVSCKASGGTFSSYTISWVRQAPGQGLEWMGRIIPILGIANYAQKFQGRVTITADKSTSTAYMELSSLRSEDTAVYYCAR,IGHV1-69*02,homo sapiens,IGHV
QVQLVQSGAEVKKPGSSVKVSCKASGGTFSSYAISWVRQAPGQGLEWMGGIIPIFGTANYAQKFQGRVTITADESTSTAYMELSSLRSDDT,IGHV1-69*03,homo sapiens,IGHV
QVQLVQSGAEVKKPGSSVKVSCKASGGTFSSYAISWVRQAPGQGLEWMGRIIPILGIANYAQKFQGRVTITADKSTSTAYMELSSLRSEDTAVYYCAR,IGHV1-69*04,homo sapiens,IGHV
QVQLVQSGAEVKKPGSSVKVSCKASGGTFSSYAISWVRQAPGQGLEWMGGIIPIFGTANYAQKFQGRVTITTDESTSTAYMELSSLRSEDTAVYYCAR,IGHV1-69*05,homo sapiens,IGHV
QVQLVQSGAEVKKPGSSVKVSCKASGGTFSSYAISWVRQAPGQGLEWMGGIIPIFGTANYAQKFQGRVTITADKSTSTAYMELSSLRSEDTAVYYCAR,IGHV1-69*06,homo sapiens,IGHV
KPGSSVKVSCKASGGTFSSYAISWVRQAPGQGLEWMGRIIPIFGTANYAQKFQGRVTITADESTSTAYMELSSLRSE,IGHV1-69*07,homo sapiens,IGHV
QVQLVQSGAEVKKPGSSVKVSCKASGGTFSSYTISWVRQAPGQGLEWMGRIIPILGTANYAQKFQGRVTITADKSTSTAYMELSSLRSEDTAVYYCAR,IGHV1-69*08,homo sapiens,IGHV
QVQLVQSGAEVKKPGSSVKVSCKASGGTFSSYAISWVRQAPGQGLEWMGRIIPILGIANYAQKFQGRVTITADKSTSTAYMELSSLRSEDTAVYYCAR,IGHV1-69*09,homo sapiens,IGHV
QVQLVQSGAEVKKPGSSVKVSCKASGGTFSSYAISWVRQAPGQGLEWMGGIIPILGIANYAQKFQGRVTITADKSTSTAYMELSSLRSEDTAVYYCAR,IGHV1-69*10,homo sapiens,IGHV
QVQLVQSGAEVKKPGSSVKVSCKASGGTFSSYAISWVRQAPGQGLEWMGRIIPILGTANYAQKFQGRVTITADESTSTAYMELSSLRSEDTAVYYCAR,IGHV1-69*11,homo sapiens,IGHV
QVQLVQSGAEVKKPGSSVKVSCKASGGTFSSYAISWVRQAPGQGLEWMGGIIPIFGTANYAQKFQGRVTITADESTSTAYMELSSLRSEDTAVYYCAR,IGHV1-69*12,homo sapiens,IGHV
QVQLVQSGAEVKKPGSSVKVSCKASGGTFSSYAISWVRQAPGQGLEWMGGIIPIFGTANYAQKFQGRVTITADESTSTAYMELSSLRSEDTAVYYCAR,IGHV1-69*13,homo sapiens,IGHV
QVQLVQSGAEVKKPGSSVKVSCKASGGTFSSYAISWVRQAPGQGLEWMGGIIPIFGTANYAQKFQGRVTITADKSTSTAYMELSSLRSEDTAVYYCAR,IGHV1-69*14,homo sapiens,IGHV
QVQLVQSGAEVKKPGSSVKVSCKASGGTFSSYAISWVRQAPGQGLEWMGRIIPIFGTANYAQKFQGRVTITADESTSTAYMELSSLRSEDTAVYYCAR,IGHV1-69*15,homo sapiens,IGHV
QVQLVQSGAEVKKPGSSVKVSCKASGGTFSSYTISWVRQAPGQGLEWMGGIIPILGTANYAQKFQGRVTITTDESTSTAYMELSSLRSEDTAVYYCAR,IGHV1-69*16,homo sapiens,IGHV
QVQLVQSGAEVKKPGSSVKVSCKASGGTFSSYAISWVRQAPGQGLEWMGGIIPIFGIANYAQKFQGRVTITADKSTSTAYMELSSLRSEDTAVYYCAR,IGHV1-69*17,homo sapiens,IGHV
QVQLVQSGAEVKKPGSSVKVSCKASGGTFSSYAISWVRQAPGQGLEWMGRIIPIFGTANYAQKFQGRVTITADESTSTAYMELSSLRSEDTAVYYCAR,IGHV1-69*18,homo sapiens,IGHV
QVQLVQSGAEVKKPGSSVKVSCKASGGTFSSYAISWVRQAPGQGLEWMGGIIPIFGTANYAQKFQGRVTITADESTSTAYMELSSLRSEDTAVYYCAR,IGHV1-69*19,homo sapiens,IGHV
EVQLVQSGAEVKKPGATVKISCKVSGYTFTDYYMHWVQQAPGKGLEWMGLVDPEDGETIYAEKFQGRVTITADTSTDTAYMELSSLRSEDTAVYYCAT,IGHV1-69-2*01,homo sapiens,IGHV
KPGATVKISCKVSGYTFTDYYMHWVQQAPGKGLEWMGLVDPEDGETIYAEKFQGRVTITADTSTDTAYMELSSLRSE,IGHV1-69-2*02,homo sapiens,IGHV
QVQLVQSGAEVKKPGSSVKVSCKASGGTFSSYAISWVRQAPGQGLEWMGGIIPIFGTANYAQKFQGRVTITADESTSTAYMELSSLRSEDTAVYYCAR,IGHV1-69D*01,homo sapiens,IGHV
QVQLVQSGAEVKKPGASVKVSCKASGYTFTSYDINWVRQATGQGLEWMGWMNPNSGNTGYAQKFQGRVTMTRNTSISTAYMELSSLRSEDTAVYYCAR,IGHV1-8*01,homo sapiens,IGHV
QVQLVQSGAEVKKPGASVKVSCKASGYTFTSYDINWVRQATGQGLEWMGWMNPNSGNTGYAQKFQGRVTMTRNTSISTAYMELSSLRSEDTAVYYCAR,IGHV1-8*02,homo sapiens,IGHV
QVQLVQSGAEVKKPGASVKVSCKASGYTFTSYDINWVRQATGQGLEWMGWMNPNSGNTGYAQKFQGRVTITRNTSISTAYMELSSLRSEDTAVYYCAR,IGHV1-8*03,homo sapiens,IGHV
QVQLLQPGVQVKKPGSSVKVSC*ASRYTFTKYFTRWV*QSPGQGHXWMG*INPYNDNTHYAQTFWGRVTITSDRSMSTAYMELSXLRSEDMVVYYCVR,IGHV1-NL1*01,homo sapiens,IGHV
QVQLVQSGAEVKKPGASVKVSCKASGYIFTDYYMHWVRQAPGQELGWMGRINPNSGGTNYAQKFQGRVTMTRDTSISTAYTELSSLRSEDTATYYCAR,IGHV1/OR15-1*01,homo sapiens,IGHV
QVQLVQSGAEVKKPGASVKVSCKASGYIFTDYYMHWVRQAPGQELGWMGRINPNSGGTNYAQKFQGRVTMTRDTSISTACTELSSLRSEDTATYYCAR,IGHV1/OR15-1*02,homo sapiens,IGHV
QVQLVQSGAEVKKPGASVKVSCKASGYIFTDYYMHWVRQAPGQELGWMGRINPNSGGTNYAQKFQGRVTMTRDTSISTAYTELSSLRSEDTATYYCAR,IGHV1/OR15-1*03,homo sapiens,IGHV
QVQLVQSGAEVKKPGASVKVSCKASGYIFTDYYMHWVRQAPGQELGWMGRINPNSGGTNYAQKFQGRVTMTRDTSISTAYMELSSLRSEDTATYYCAR,IGHV1/OR15-1*04,homo sapiens,IGHV
QVQLVQSGAEVKKPRASVKVSCKASGYTFTSYYMHWV*QAPEQGLEWMGWINTYNGNTNYPQKLQGRVTMTRDTSTSTAYMELSRLRSDDMAVYYCAR,IGHV1/OR15-2*01,homo sapiens,IGHV
QVQLVQSGAEVKKPGASVKVSCKASGYTFTSYYMHWV*QAPEQGLEWMGWINTYNGNTNYPQKLQGRVTMTRDTSTSTAYMELSSLRSDDMAVYYCAR,IGHV1/OR15-2*02,homo sapiens,IGHV
QVQLVQSGAEVKKPRASVKVSCKASGYTFTSYYMHWV*QAPEQGLEWMGWINTYNGNTNYPQKLQGRVTMTRDTSTSTAYMELSSLRSDDMAVYYCAR,IGHV1/OR15-2*03,homo sapiens,IGHV
QVQLV*SGAEVKKPGASVKVSCKASGYTFTDYFMNWMRQAPGQRLEWMGWINAGNGNTKYSQKLQGRVTITRDTSSSTAYMQLSSLRSEDTAVYYCAR,IGHV1/OR15-3*01,homo sapiens,IGHV
QVQLV*SGAEVKKPGASVKVSCKASGYTFTDYFMNWMRQAPGQRLEWMGWINAGNGNTKYSQKLQGRVTITRDTSASTAYMQLSSLRSEDTAVYYCAR,IGHV1/OR15-3*02,homo sapiens,IGHV
QVQLV*SGAEVKKPGASVKVSCKASGYTFTSYYMNWMRQAPGQGFEWMGWINAGNGNTKYSQKLQGRVTITRDTSASTAYMQLSSLRSEDTAVYYCAR,IGHV1/OR15-3*03,homo sapiens,IGHV
QDQLVQSGAEVKKPLSSVKVSFKASGYTFTNNFMHWV*QAPGQGLEWMGWINAGNGNTTYAQKFQGRVTITRDTSMSTAYTELSSLRSEDTAVYYCAR,IGHV1/OR15-4*01,homo sapiens,IGHV
KPGASVKVSCKASGYTFTSYCMHWVHQVHAQGLEWMGLVCPSDGSTSYAQKFQARVTITRDTSMSTAYMELSSLRSEDTAMYYCVR,IGHV1/OR15-5*01,homo sapiens,IGHV
QVQLVQSGAEVKKPGASVKVSCKASGYTFTNYCMHWVRQVHAQGLEWMGLVCPSDGSTSYAQKFQARVTITRDTSMSTAYMELSSLRSEDTAMYYCVR,IGHV1/OR15-5*02,homo sapiens,IGHV
QVQLMQSGAEVKKPGASVRISCKASGYTFTSYCMHWVCQAHAQGLEWMGLVCPSDGSTSYAQKFQGRVTITRDTSMGTAYMELSSLRSEDTAMYYCVR,IGHV1/OR15-9*01,homo sapiens,IGHV
LVQLVQSGAEVKKPGASVFSCQASGYTFTYCYLHWVRWAPGQGLEWTGF,IGHV1/OR16-22*01,homo sapiens,IGHV
LVQLVQSGAEVKKPGASVKVSCKASGYTFTYCYLHWVRWVPGQGLEWTGF,IGHV1/OR16-3*01,homo sapiens,IGHV
LVQLVQSGAEVKKPGASVKVSCQASGYTFTYCYLHWVRWAPGQGLEWTGF,IGHV1/OR16-4*01,homo sapiens,IGHV
QVQLVQSGAEVKKPGASVKVSCKASGYTITSYCMHWVHQVHAQGLEWMGLVCPSDGSTSYAQKFQARVTITRDTSMSTAYMELSSLRSEDTAMYYCVR,IGHV1/OR21-1*01,homo sapiens,IGHV
QVTLKESGPALVKPTQTLMLTCTFSGFSLSTSGMGVG*ICQPSAKALEWLAHIY*NDNKYYSPSLKSRLIISKDTSKNEVVLTVINMDIVDTATHYCARR,IGHV2-10*01,homo sapiens,IGHV
QVTLKESGPVLVKPTETLTLTCTVSGFSLSNARMGVSWIRQPPGKALEWLAHIFSNDEKSYSTSLKSRLTISKDTSKSQVVLTMTNMDPVDTATYYCARI,IGHV2-26*01,homo sapiens,IGHV
QVTLKESGPVLVKPTETLTLTCTVSGFSLSNARMGVSWIRQPPGKALEWLAHIFSNDEKSYSTSLKSRLTISKDTSKSQVVLTMTNMDPVDTATYYCARI,IGHV2-26*02,homo sapiens,IGHV
QVTLKESGPVLVKPTETLTLTCTISGFSLSNARMGVSWIRQPPGKALEWLAHIFSNDEKSYSTSLKSRLTISKDTSKSQVVLTMTNMDPVDTATYYCARI,IGHV2-26*03,homo sapiens,IGHV
QITLKESGPTLVKPTQTLTLTCTFSGFSLSTSGVGVGWIRQPPGKALEWLALIYWNDDKRYSPSLKSRLTITKDTSKNQVVLTMTNMDPVDTATYYCAHR,IGHV2-5*01,homo sapiens,IGHV
QITLKESGPTLVKPTQTLTLTCTFSGFSLSTSGVGVGWIRQPPGKALEWLALIYWDDDKRYSPSLKSRLTITKDTSKNQVVLTMTNMDPVDTATYYCAHR,IGHV2-5*02,homo sapiens,IGHV
LVKPTQTLTLTCTFSGFSLSTSGVGVGWIRQPPGKALEWLALIYWDDDKRYSPSLKSRLTITKDTSKNQ,IGHV2-5*03,homo sapiens,IGHV
QITLKESGPTLVKPTQTLTLTCTFSGFSLSTSGVGVGWIRQPPGKALEWLALIYWNDDKRYSPSLKSRLTITKDTSKNQVVLTMTNMDPVDTGTYYCV,IGHV2-5*04,homo sapiens,IGHV
QITLKESGPTLVKPTQTLTLTCTFSGFSLSTSGVGVGWIRQPPGKALEWLALIYWDDDKRYGPSLKSRLTITKDTSKNQVVLTMTNMDPVDTATYYCAHR,IGHV2-5*05,homo sapiens,IGHV
QITLKESGPTLVKPTQTLTLTCTFSGFSLSTSGVGVGWIRQPPGKALEWLALIYWDDDKRYGPSLKSRLTITKDTSKNQVVLTMTNMDPVDTATYYCAHR,IGHV2-5*06,homo sapiens,IGHV
QVTLKESGPALVKPTQTLTLTCTFSGFSLSTSGMRVSWIRQPPGKALEWLALIYWDDDKRYSPSLKSRLTITKDTSKNQVVLTMTNMDPVDTATYYCAHR,IGHV2-5*08,homo sapiens,IGHV
QVTLKESGPTLVKPTQTLTLTCTFSGFSLSTSGVGVGWIRQPPGKALEWLALIYWDDDKRYGPSLKSRLTITKDTSKNQVVLTMTNMDPVDTATYYCAHR,IGHV2-5*09,homo sapiens,IGHV
QVTLRESGPALVKPTQTLTLTCTFSGFSLSTSGMCVSWIRQPPGKALEWLALIDWDDDKYYSTSLKTRLTISKDTSKNQVVLTMTNMDPVDTATYYCARI,IGHV2-70*01,homo sapiens,IGHV
QVTLRESGPALVKPTQTLTLTCTFSGFSLSTSGMCVSWIRQPPGKALEWLALIDWDDDKYYSTSLKTRLTISKDTSKNQVVLTMTNMDPVDTAVYY,IGHV2-70*02,homo sapiens,IGHV
QVTLKESGPALVKPTQTLTLTCTFSGFSLSTSGMRVSWIRQPPGKALEWLARIDWDDDKFYSTSLKTRLTISKDTSKNQVVLTMTNMDPVDTAVYY,IGHV2-70*03,homo sapiens,IGHV
QVTLKESGPALVKPTQTLTLTCTFSGFSLSTSGMRVSWIRQPPGKALEWLARIDWDDDKFYSTSLKTRLTISKDTSKNQVVLTMTNMDPVDTATYYCARI,IGHV2-70*04,homo sapiens,IGHV
ALVKPTQTLTLTCTFSGFSLSTSGMRASWIRQPPGKALEWLARIDWDDDKFYSTSLKTRLTISKDTSKNQVVLTMTNM,IGHV2-70*05,homo sapiens,IGHV
QVTLKESGPALVKPTQTLTLTCTFSGFSLSTSGMRVSWIRQPPGKALEWLARIDWDDDKFYSTSLKTRLTISKDTSKNQVVLTMTNMDPVDTAVYY,IGHV2-70*06,homo sapiens,IGHV
QVTLRESGPALVKPTQTLTLTCTFSGFSLSTSGMCVSWIRQPPGKALEWLALIDWDDDKYYSTSLKTRLTISKDTSKNQVVLTMTNMDPVDTAVYY,IGHV2-70*07,homo sapiens,IGHV
QVTLRESGPALVKPTQTLTLTCAFSGFSLSTSGMCVSWIRQPPGKALEWLARIDWDDDKYYSTSLKTRLTISKDTSKNQVVLTMTNMDPVDTAVYY,IGHV2-70*08,homo sapiens,IGHV
QITLKESGPTLVKPTQTLTLTRTFSGFSLSTSGMCVSWIRQPPGKALEWLALIDWDDDKYYSTSLNTRLTISKDTSKNQVVLTMTNMDPVDTGTYYCVR,IGHV2-70*09,homo sapiens,IGHV
QVTLKESGPALVKPTQTLTLTCTFSGFSLSTSGMRVSWIRQPPGKALEWIARIDWDDDKYYSTSLKTRLTISKDTSKNQVVLTMTNMDPVDTATYYCARI,IGHV2-70*10,homo sapiens,IGHV
RVTLRESGPALVKPTQTLTLTCTFSGFSLSTSGMCVSWIRQPPGKALEWLARIDWDDDKYYSTSLKTRLTISKDTSKNQVVLTMTNMDPVDTATYYCARI,IGHV2-70*11,homo sapiens,IGHV
QITLKESGPTLVKPTQTLTLTCTFSGFSLSTSGMCVSWIRQPPGKALEWLALIDWDDDKYYSTSLKTRLTISKDTSKNQVVLTMTNMDPVDTATYYCAHR,IGHV2-70*12,homo sapiens,IGHV
QVTLRESGPALVKPTQTLTLTCTFSGFSLSTSGMCVSWIRQPPGKALEWLALIDWDDDKYYSTSLKTRLTISKDTSKNQVVLTMTNMDPVDTATYYCARI,IGHV2-70*13,homo sapiens,IGHV
QVTLRESGPALVKPTQTLTLTCTFSGFSLSTSGMCVSWIRQPPGKALEWLARIDWDDDKYYSTSLKTRLTISKDTSKNQVVLTMTNMDPVDTATYYCARI,IGHV2-70*15,homo sapiens,IGHV
QVTLKESGPVLVKPTQTLTLTCTFSGFSLSTSGMCVSWIRQPPGKALEWLARIDWDDDKFYSTSLKTRLTISKDTSKNQVVLTMTNMDPVDTATYYCARI,IGHV2-70*16,homo sapiens,IGHV
QVTLRESGPALVKPTQTLTLTCTFSGFSLSTSGMCVSWIRQPPGKALEWLARIDWDDDKFYSTSLKTRLTISKDTSKNQVVLTMTNMDPVDTATYYCARI,IGHV2-70*17,homo sapiens,IGHV
QVTLRESGPALVKPTQTLTLTCTFSGFSLSTSEMCVSWVRQPPGKALEWLALIDWDDDKYYSTSLKTRLTISKDTSKNQVVLTMTNMDPVDTATYYCARI,IGHV2-70*18,homo sapiens,IGHV
QVTLRESGPALVKPTQTLTLTCTFSGFSLSTSGMCVSWVRQPPGKALEWLALIDWDDDKHYSTSLKTRLTISKDTSKNQVVLTMTNMDPVDTATYYCARI,IGHV2-70*19,homo sapiens,IGHV
QVTLKESGPALVKPTQTLTLTCTFSGFSLSTSGMRVSWIRQPPGKALEWLARIDWDDDKFYSTSLKTRLTISKDTSKNQVVLTMTNMDPVDTATYYCARI,IGHV2-70D*04,homo sapiens,IGHV
QVTLKESGPALVKPTQTLTLTCTFSGFSLSTSGMRVSWIRQPPGKALEWLARIDWDDDKFYSTSLKTRLTISKDTSKNQVVLTMTNMDPVDTATYYCARI,IGHV2-70D*14,homo sapiens,IGHV
*VTLKESGPVLVKPTETLTLTCTLSGFSLSTSGMGMSWIRQPPGKALEWLAHIFSND*KSYSTSLKNRLIISKDTSKSQVVLTMTNMDPVDTATYYCAWR,IGHV2/OR16-23*01,homo sapiens,IGHV
QVTLKESGPALVKPTETLTLTCTLSGFSLSTSGMGMSWIRQPPGKALEWLAHIFLNDKKSYSTSLKNRLIISKDTSKSQVVLTMTNMDPVDTATYYCAWR,IGHV2/OR16-5*01,homo sapiens,IGHV
QVQLVESGGGLVKPGGSLRLSCAASGFTFSDYYMSWIRQAPGKGLEWVSYISSSGSTIYYADSVKGRFTISRDNAKNSLYLQMNSLRAEDTAVYYCAR,IGHV3-11*01,homo sapiens,IGHV
QVQLLESGGGLVKPGGSLRLSCAASGFTFSDYYMSWIRQAPGKGLEWVSYISSSSSYTNYADSVKGRFTISRDNAKNSLYLQMNSLRAEDTAVYYCAR,IGHV3-11*03,homo sapiens,IGHV
QVQLVESGGGLVKPGGSLRLSCAASGFTFSDYYMSWIRQAPGKGLEWVSYISSSGSTIYYADSVKGRFTISRDNAKNSLYLQMNSLRAEDTAVYYCAR,IGHV3-11*04,homo sapiens,IGHV
QVQLVESGGGLVKPGGSLRLSCAASGFTFSDYYMSWIRQAPGKGLEWVSYISSSSSYTNYADSVKGRFTISRDNAKNSLYLQMNSLRAEDTAVYYCAR,IGHV3-11*05,homo sapiens,IGHV
QVQLVESGGGLVKPGGSLRLSCAASGFTFSDYYMSWIRQAPGKGLEWVSYISSSSSYTNYADSVKGRFTISRDNAKNSLYLQMNSLRAEDTAVYYCAR,IGHV3-11*06,homo sapiens,IGHV
EVQLVESGGGLVQPGGSLRLSCAASGFTFSSYDMHWVRQATGKGLEWVSAIGTAGDTYYPGSVKGRFTISRENAKNSLYLQMNSLRAGDTAVYYCAR,IGHV3-13*01,homo sapiens,IGHV
EVHLVESGGGLVQPGGALRLSCAASGFTFSNYDMHWVRQATGKGLEWVSANGTAGDTYYPGSVKGRFTISRENAKNSLYLQMNSLRAGDTAVYYCAR,IGHV3-13*02,homo sapiens,IGHV
EVQLVESGGGLVQPGGSLRLSCAACGFTFSSYDMHWVRQATGKGLEWVSAIGTAGDTYYPGSVKGQFTISRENAKNSLYLQMNSLRAGDTAVYYCAR,IGHV3-13*03,homo sapiens,IGHV
EVQLVESGGGLVQPGGSLRLSCAASGFTFSSYDMHWVRQATGKGLEWVSAIGTAGDTYYPGSVKGRFTISRENAKNSLYLQMNSLRAGDTAVYYCAR,IGHV3-13*04,homo sapiens,IGHV
EVQLVESGGGLVQPGGSLRLSCAASGFTFSSYDMHWVRQATGKGLEWVSAIGTAGDPYYPGSVKGRFTISRENAKNSLYLQMNSLRAGDTAVYYCAR,IGHV3-13*05,homo sapiens,IGHV
EVQLVESGGGLVKPGGSLRLSCAASGFTFSNAWMSWVRQAPGKGLEWVGRIKSKTDGGTTDYAAPVKGRFTISRDDSKNTLYLQMNSLKTEDTAVYYCTT,IGHV3-15*01,homo sapiens,IGHV
EVQLVESGGALVKPGGSLRLSCAASGFTFSNAWMSWVRQAPGKGLEWVGRIKSKTDGGTTDYAAPVKGRFTISRDDSKNTLYLQMNSLKTEDTAVYYCTT,IGHV3-15*02,homo sapiens,IGHV
EVQLVESAGALVQPGGSLRLSCAASGFTCSNAWMSWVRQAPGKGLEWVGRIKSKANGGTTDYAAPVKGRFTISRVDSKNTLYLQMNSLKTEDTAVYYCTT,IGHV3-15*03,homo sapiens,IGHV
EVQLVESGGGLVKPGGSLRLSCAASGFTFSNAWMSWVRQAPGKGLEWVGRIESKTDGGTTDYAAPVKGRFTISRDDSKNTLYLQMNSLKTEDTAVYYCTT,IGHV3-15*04,homo sapiens,IGHV
EVQLVESGGGLVKPGGSLRLSCAASGFTFSNAWMSWVRQAPGKGLEWVGRIKSKTDGGTTDYAAPVKGRFTISRDDSKNTLYLQMNSLKTEDTAVYYCTT,IGHV3-15*05,homo sapiens,IGHV
EVQLVESGGGLVKPGGSLRLSCAASGFTFSNAWMSWVRQAPGKGLEWVGRIKSKTDGGTTNYAAPVKGRFTISRDDSKNTLYLQMNSLKTEDTAVYYCTT,IGHV3-15*06,homo sapiens,IGHV
EVQLVESGGGLVKPGGSLRLSCAASGFTFSNAWMNWVRQAPGKGLEWVGRIKSKTDGGTTDYAAPVKGRFTISRDDSKNTLYLQMNSLKTEDTAVYYCTT,IGHV3-15*07,homo sapiens,IGHV
EVQLVESAGGLVQPGGSLRLSCAASGFTCSNAWMSWVRQAPGKGLEWVGCIKSKANGGTTDYAAPVKGRFTISRDDSKNTLYLQMISLKTEDTAVYYCTT,IGHV3-15*08,homo sapiens,IGHV
EVQLVESGGGLVQPGGSLRLSCAASGFTFSNSDMNWARKAPGKGLEWVSGVSWNGSRTHYVDSVKRRFIISRDNSRNSLYLQKNRRRAEDMAVYYCVR,IGHV3-16*01,homo sapiens,IGHV
EVQLVESGGGLVQPGGSLRLSCAASGFTFSNSDMNWARKAPGKGLEWVSGVSWNGSRTHYVDSVKRRFIISRDNSRNSLYLQKNRRRAEDMAVYYCVR,IGHV3-16*02,homo sapiens,IGHV
TVQLVESGGGLVEPGGSLRLSCAASGFTFSNSDMNWVRQAPGKGLEWVSGVSWNGSRTHYADSVKGRFIISRDNSRNFLYQQMNSLRPEDMAVYYCVR,IGHV3-19*01,homo sapiens,IGHV
EVQLVESGGGVVRPGGSLRLSCAASGFTFDDYGMSWVRQAPGKGLEWVSGINWNGGSTGYADSVKGRFTISRDNAKNSLYLQMNSLRAEDTALYHCAR,IGHV3-20*01,homo sapiens,IGHV
EVQLVESGGGVVRPGGSLRLSFAASGFTFDDYGMSWVRQAPGKGLEWVSGINWNGGSTGYADSVKGRFTISRDNAKNSLYLQMNSLRAEDTALYHCAR,IGHV3-20*02,homo sapiens,IGHV
EVQLVESGGGVVRPGGSLRLSFAASGFTFDDYGMSWVRQAPGKGLEWVSGINWNGGSTGYADSVKGRFTISRDNAKNSLYLQMNSLRAEDTALYYCAR,IGHV3-20*03,homo sapiens,IGHV
EVQLVESGGGVVRPGGSLRLSCAASGFTFDDYGMSWVRQAPGKGLEWVSGINWNGGSTGYADSVKGRFTISRDNAKNSLYLQMNSLRAEDTALYYCAR,IGHV3-20*04,homo sapiens,IGHV
EVQLVESGGGLVKPGGSLRLSCAASGFTFSSYSMNWVRQAPGKGLEWVSSISSSSSYIYYADSVKGRFTISRDNAKNSLYLQMNSLRAEDTAVYYCAR,IGHV3-21*01,homo sapiens,IGHV
EVQLVESGGGLVKPGGSLRLSCAASGFTFSSYSMNWVRQAPGKGLEWVSSISSSSSYIYYADSVKGRFTISRDNAKNSLYLQMNSLRAEDTAVYYCAR,IGHV3-21*02,homo sapiens,IGHV
EVQLVESGGGLVKPGGSLRLSCAASGFTFSSYSMNWVRQAPGKGLEWVSSISSSSSYIYYADSVKGRFTISRDNAKNSLYLQMNSLRAEDTAVYYCAR,IGHV3-21*03,homo sapiens,IGHV
EVQLVESGGGLVKPGGSLRLSCAASGFTFSSYSMNWVRQAPGKGLEWVSSISSSSSYIYYADSVKGRFTISRDNAKNSLYLQMNSLRAEDTAVYYCAR,IGHV3-21*04,homo sapiens,IGHV
EVQLVESGGGLVKPGGSLRLSCAASGFTFSSYSMNWVRQAPGKGLEWVSYISSSSSYIYYADSVKGRFTISRDNAKNSLYLQMNSLRAEDTAVYYCAR,IGHV3-21*05,homo sapiens,IGHV
EVQLVESGGGLVKPGGSLRLSCAASGFTFSSYSMNWVRQAPGKGLEWVSSISSSSSYIYYADSVKGRFTISRDNAKNSLYLQMNSLRAEDTAVYYCAR,IGHV3-21*06,homo sapiens,IGHV
EVHLVESGGALVQPGGSLRLSCAASGFTFSYYYMSGVRQAPGKGLEWVGFIRNKANGGTTE*TTSVKGRFTISRDDSKSITYLQMKSLKTEDTAVYYCSR,IGHV3-22*01,homo sapiens,IGHV
EVQLVESGGGLVQPGGSLRLSCAASGFTFSYYYMSGVRQAPGKGLEWVGFIRNKANGGTTE*TTSVKGRFTISRDDSKSITYLQMKSLKTEDTAVYYCSR,IGHV3-22*02,homo sapiens,IGHV
EVQLLESGGGLVQPGGSLRLSCAASGFTFSSYAMSWVRQAPGKGLEWVSAISGSGGSTYYADSVKGRFTISRDNSKNTLYLQMNSLRAEDTAVYYCAK,IGHV3-23*01,homo sapiens,IGHV
EVQLLESGGGLVQPGGSLRLSCAASGFTFSSYAMSWVRQAPGKGLEWVSAISGSGGSTYYGDSVKGRFTISRDNSKNTLYLQMNSLRAEDTAVYYCAK,IGHV3-23*02,homo sapiens,IGHV
EVQLLESGGGLVQPGGSLRLSCAASGFTFSSYAMSWVRQAPGKGLEWVSVIYSGGSSTYYADSVKGRFTISRDNSKNTLYLQMNSLRAEDTAVYYCAK,IGHV3-23*03,homo sapiens,IGHV
EVQLVESGGGLVQPGGSLRLSCAASGFTFSSYAMSWVRQAPGKGLEWVSAISGSGGSTYYADSVKGRFTISRDNSKNTLYLQMNSLRAEDTAVYYCAK,IGHV3-23*04,homo sapiens,IGHV
EVQLLESGGGLVQPGGSLRLSCAASGFTFSSYAMSWVRQAPGKGLEWVSAIYSSGSSTYYADSVKGRFTISRDNSKNTLYLQMNSLRAEDTAVYYCAK,IGHV3-23*05,homo sapiens,IGHV
EVQLLESGGGLVQPGGSLRLSCAASGFTFSSYAMSWVRQAPGKGLEWVSAISGSGGSTYYADSVKGRFTISRDNSKNTLYLQMNSLRAEDTAVYYCAK,IGHV3-23D*01,homo sapiens,IGHV
EMQLVESGGGLQKPAWSPRLSCAASQFTFSSYYMNCVRQAPGNGLELV*QVNPNGGSTYLIDSGKDRFNTSRDNAKNTLHLQMNSLKTEDTALY*CTR,IGHV3-25*01,homo sapiens,IGHV
EMQLVESGGGLAKPAWSPRLSCAASQFTFSSYYMNCVRQAPGNGLELV*QVNPNGGSTYLIDSGKDRFNTSRDNAKNTLHLQMNSLKTEDTALY*CTR,IGHV3-25*02,homo sapiens,IGHV
EMQLVESGGGLAKPAWSPRLSCAASQFTFSSYYMNCVRQAPGNGLELVGQVNPNGGSTYLIDSGKDRFNTSRDNAKNTLHLQMNSLKTEDTALY*CTR,IGHV3-25*03,homo sapiens,IGHV
ETQLVESGGGLAKPGRSPRLSCAASQFTFSSYYMNCVRQAPGNGLELVGQVNPNGGSTYLIDSGKDRFNTSRDNAKNTLHLQMNSLKTEDTALYYCTR,IGHV3-25*04,homo sapiens,IGHV
EMQLVESGGGLAKPAWSPRLSCAASQFTFSSYYMNCVRQAPGNGLELVGQVNPNGGSTYLIDSGKDRFNTSRDNAKNTLHLQMNSLKTEDTALY*CTR,IGHV3-25*05,homo sapiens,IGHV
EVELIEPTEDLRQPGKFLRLSCVASRFAFSSF*MSPVHQSAGKGLE*VIDIKDDGSQIHHADSVKGRFSISKDNAKNSLYLQMNSQRTEDMAVYGCT*G,IGHV3-29*01,homo sapiens,IGHV
QVQLVESGGGVVQPGRSLRLSCAASGFTFSSYAMHWVRQAPGKGLEWVAVISYDGSNKYYADSVKGRFTISRDNSKNTLYLQMNSLRAEDTAVYYCAR,IGHV3-30*01,homo sapiens,IGHV
QVQLVESGGGVVQPGGSLRLSCAASGFTFSSYGMHWVRQAPGKGLEWVAFIRYDGSNKYYADSVKGRFTISRDNSKNTLYLQMNSLRAEDTAVYYCAK,IGHV3-30*02,homo sapiens,IGHV
QVQLVESGGGVVQPGRSLRLSCAASGFTFSSYGMHWVRQAPGKGLEWVAVISYDGSNKYYADSVKGRFTISRDNSKNTLYLQMNSLRAEDTAVYYCAR,IGHV3-30*03,homo sapiens,IGHV
QVQLVESGGGVVQPGRSLRLSCAASGFTFSSYAMHWVRQAPGKGLEWVAVISYDGSNKYYADSVKGRFTISRDNSKNTLYLQMNSLRAEDTAVYYCAR,IGHV3-30*04,homo sapiens,IGHV
QVQLVESGGGVVQPGRSLRLSCAASGFTFSSYGMHWVRQAPGKGLEWVAVISYDGSNKYYADSVKGRFTISRDNSKNTLYLQMNSLRAEGTAVYYCAR,IGHV3-30*05,homo sapiens,IGHV
QVQLVESGGGVVQPGRSLRLSCAASGFTFSSYGMHWVRQAPGKGLEWVAVISYDGSNKYYADSVKGRFTISRDNSKNTLYLQMNSLRAEDTAVYYCAR,IGHV3-30*06,homo sapiens,IGHV
QVQLVESGGGVVQPGRSLRLSCAASGFTFSSYAMHWVRQAPGKGLEWVAVISYDGSNKYYADSVKGRFTISRDNSKNTLYLQMNSLRAEDTAVYYCAR,IGHV3-30*07,homo sapiens,IGHV
QVQLVDSGGGVVQPGRSLRLSCAASAFTFSSYAMHWVRQAPGKGLEWVAVISYDGSNKYYADSVKGRFTISRDNSKNTLYLQMNSLRAEDTAVYYCAR,IGHV3-30*08,homo sapiens,IGHV
QVQLVESGGGVVQPGRSLRLSCAASGFTFSSYAMHWVRQAPGKGLEWVAVISYDGSNKYYADSVKGRFAISRDNSKNTLYLQMNSLRAEDTAVYYCAR,IGHV3-30*09,homo sapiens,IGHV
QVQLVESGGGVVQPGRSLRLSCAASGFTFSSYAMHWVRQAPGKGLEWVAVISYDGSNKYYTDSVKGRFTISRDNSKNTLYLQMNSLRAEDTAVYYCAR,IGHV3-30*10,homo sapiens,IGHV
QVQLVESGGGVVQPGRSLRLSCAASGFTFSSYAMHWVRQAPGKGLEWVAVISYDGSNKYYADSVKGRFTISRDNSKNTLYLQMNSLRAEDTAVYYCAR,IGHV3-30*11,homo sapiens,IGHV
QVQLVESGGGVVQPGRSLRLSCAASGFTFSSYGMHWVRQAPGKGLEWVAVISYDGSNKYYADSVKGRFTISRDNSKNTLYLQMNSLRAEDTAVYYCAR,IGHV3-30*12,homo sapiens,IGHV
QVQLVESGGGVVQPGRSLRLSCAASGFTFSSYGMHWVRQAPGKGLEWVAVISYDGSNKYYADSVKGRFTISRDNSKNRLYLQMNSLRAEDTAVYYCAR,IGHV3-30*13,homo sapiens,IGHV
QVQLVESGGGVVQPGRSLRLSCAASGFTFSSYAMHWVRQAPGKGLEWVAVISYDGSNKYYADSVKGRFTISRDNSKNTLYLQMNSLRAEDTAVYYCAR,IGHV3-30*14,homo sapiens,IGHV
QVQLVESGGGVVQPGRSLRLSCAASGFTFSSYAMHWVRQAPGKGLEWVAVISYDGSNKYYADSVKGRFTISRDNSKNTLYLQMSSLRAEDTAVYYCAR,IGHV3-30*15,homo sapiens,IGHV
QVQLVESGGGVVQPGRSLRLSCAASGFTFSSYAMHWVRQAPGKGLEWVAVISYDGSNKYYADSVKGRFTISRDNSKNTLYLQMNSLRAEDTAVYYCAR,IGHV3-30*16,homo sapiens,IGHV
QVQLVESGGGVVQPGRSLRLSCAASGFTFSSYAMHWVRQAPGKGLEWVAVISYDGSNKYYADSVKGRFTISRDNSKNTLYLQMNSLRAEDTAVYYCAR,IGHV3-30*17,homo sapiens,IGHV
QVQLVESGGGVVQPGRSLRLSCAASGFTFSSYGMHWVRQAPGKGLEWVAVISYDGSNKYYADSVKGRFTISRDNSKNTLYLQMNSLRAEDTAVYYCAK,IGHV3-30*18,homo sapiens,IGHV
QVQLVESGGGVVQPGRSLRLSCAASGFTFSSYGMHWVRQAPGKGLEWVAVISYDGSNKYYADSVKGRFTISRDNSKNTLYLQMNSLRAEDTAVYYCAR,IGHV3-30*19,homo sapiens,IGHV
EVQLVESGEDPRQPGGSLRLSCADSGLTFSSY*RNSVSQAPGKGLE*VVDIQCDGSQICYA*SLKSKFTISKENAKNSLYLLMNSLRAAGTAVCYCM*G,IGHV3-30-2*01,homo sapiens,IGHV
EVELIESIEDLRQPGKFLRLSCVASRFAFSSF*MSRVHQSPGKGLE*VIDIKDDGSQIHHADSVKGRFSISKDNAKNSLYLQMNSQRAEDMDVYGCT*G,IGHV3-30-22*01,homo sapiens,IGHV
QVQLVESGGGVVQPGRSLRLSCAASGFTFSSYAMHWVRQAPGKGLEWVAVISYDGSNKYYADSVKGRFTISRDNSKNTLYLQMNSLRAEDTAVYYCAR,IGHV3-30-3*01,homo sapiens,IGHV
QVQLVESGGGVVQPGRSLRLSCAASGFTFSSYAMHWVRQAPGKGLEWVAVISYDGSNKYYADSVKGRFTISRDNSKNTLYLQMNSLRAEDTAVYYCAK,IGHV3-30-3*02,homo sapiens,IGHV
QVQLVESGGGVVQPGRSLRLSCAASGFTFSSYAMHWVRQAPGKGLEWVAVISYDGSNKYYADSVKGRFTISRDNSKNTLYLQMNSLRAEDTAVYYCAR,IGHV3-30-3*03,homo sapiens,IGHV
EVQLVESGEDPRQPGGSLRLSCADSGLTFSSY*RSSVSQAPGKGLE*VVDIQCDGSQICYA*SLKSKFTISKENAKNSLYLLMNSLRAEGTAVCYCM*,IGHV3-30-33*01,homo sapiens,IGHV
EVELIEPTEDLRQPGKFLRLSCVASRFAFSSF*MSPVHQSAGKGLE*VIDIKDDGSQIHHADSVKGRFSISKDNAKNSLYLQMNSQRTEDMAVYGCT*G,IGHV3-30-42*01,homo sapiens,IGHV
QVQLVESGGGVVQPGRSLRLSCAASGFTFSSYGMHWVRQAPGKGLEWVAVISYDGSNKYYADSVKGRFTISRDNSKNTLYLQMNSLRAEDTAVYYCAK,IGHV3-30-5*01,homo sapiens,IGHV
QVQLVESGGGVVQPGGSLRLSCAASGFTFSSYGMHWVRQAPGKGLEWVAFIRYDGSNKYYADSVKGRFTISRDNSKNTLYLQMNSLRAEDTAVYYCAK,IGHV3-30-5*02,homo sapiens,IGHV
EVQLVESGEDPRQPGGSLRLSCADSGLTFSSY*RNSVSQAPGKGLE*VVDIQCDGSQICYA*SLKSKFTISKENAKNSLYLLMNSLRAAGTAVCYCM*,IGHV3-30-52*01,homo sapiens,IGHV
EVELIESIEDLRQPGKFLRLSCVASRFAFSSF*MSRVHQSPGKGLE*VIDIKDDGSQIHHADSVKGRFSISKDNAKNSLYLQMNTQRAEDVAVYGYT*G,IGHV3-32*01,homo sapiens,IGHV
QVQLVESGGGVVQPGRSLRLSCAASGFTFSSYGMHWVRQAPGKGLEWVAVIWYDGSNKYYADSVKGRFTISRDNSKNTLYLQMNSLRAEDTAVYYCAR,IGHV3-33*01,homo sapiens,IGHV
QVQLVESGGGVVQPGRSLRLSCAASGFTFSSYGMHWVRQAPGKGLEWVAVIWYDGSNKYYADSAKGRFTISRDNSTNTLFLQMNSLRAEDTAVYYCAR,IGHV3-33*02,homo sapiens,IGHV
QVQLVESGGGVVQPGRSLRLSCAASGFTFSSYGMHWVRQAPGKGLEWVAVIWYDGSNKYYADSVKGRFTISRDNSKNTLYLQMNSLRAEDTAVYYCAK,IGHV3-33*03,homo sapiens,IGHV
QVQLVESGGGVVQPGRSLRLSCAASGFTFSSYGMHWVRQAPGKGLEWVAVIWYDGSNKYYADSVKGRFTISRDNSKNTLYLQMNSLRAEDTAVYYCAR,IGHV3-33*04,homo sapiens,IGHV
QVQLVESGGGVVQPGRSLRLSCAASGFTFSSYGMHWVRQAPGKGLEWVAVISYDGSNKYYADSVKGRFTISRDNSKNTLYLQMNSLRAEDTAVYYCAR,IGHV3-33*05,homo sapiens,IGHV
QVQLVESGGGVVQPGRSLRLSCAASGFTFSSYGMHWVRQAPGKGLEWVAVIWYDGSNKYYADSVKGRFTISRDNSKNTLYLQMNSLRAEDTAVYYCAK,IGHV3-33*06,homo sapiens,IGHV
QVQLVESGGRVVQPGRSLRLSCAASGFTFSRYGMYWVRQAPGKGLEWVAVIWYDGSNKYYADSVKGRFTISRDNSKNTLYLQMNSLRAEDTAVYYCAR,IGHV3-33*07,homo sapiens,IGHV
EVQLVESGEDPRQPGGSLRLSCADSGLTFSSY*MSSVSQAPGKGLE*VVDIQCDGSQICYAQSVKSKFTISKENAKNSLYLQMNSLRAEGTAVCYCM*G,IGHV3-33-2*01,homo sapiens,IGHV
EVQLVESGGGLVQPGGSLRLSCAASGFTFSNSDMNWVHQAPGKGLEWVSGVSWNGSRTHYADSVKGRFIISRDNSRNTLYLQTNSLRAEDTAVYYCVR,IGHV3-35*01,homo sapiens,IGHV
EVQLVESGGGLVQPRGSLRLSCAASGFTVSSNEMSWIRQAPGKGLEWVSSISGGSTYYADSRKGRFTISRDNSKNTLYLQMNNLRAEGTAAYYCARY,IGHV3-38*01,homo sapiens,IGHV
EVQLVESGGGLVQPRGSLRLSCAASGFTVSSNEMSWIRQAPGKGLEWVSSISGGSTYYADSRKGRFTISRDNSKNTLYLQMNNLRAEGTAVYYCARY,IGHV3-38*02,homo sapiens,IGHV
EVQLVESGGGLVQPRGSLRLSCAASGFTVSSNEMSWIRQAPGKGLEWVSSISGGSTYYADSRKGRFTISRDNSKNTLYLQMNNLRAEGTAVYYCARY,IGHV3-38*03,homo sapiens,IGHV
EVQLVESRGVLVQPGGSLRLSCAASGFTVSSNEMSWVRQAPGKGLEWVSSISGGSTYYADSRKGRFTISRDNSKNTLHLQMNSLRAEDTAVYYCKK,IGHV3-38-3*01,homo sapiens,IGHV
EVQLVESGGGLVQPGGSLRLSCAASGFSFSSYGMSWVRQAPGKGLD*VAHIWNDGSQKYYADSVKGRFTISRDNSKSMLYLQMDSLKAKDTAMYYCTR,IGHV3-41*02,homo sapiens,IGHV
EVQLVESGGVVVQPGGSLRLSCAASGFTFDDYTMHWVRQAPGKGLEWVSLISWDGGSTYYADSVKGRFTISRDNSKNSLYLQMNSLRTEDTALYYCAKD,IGHV3-43*01,homo sapiens,IGHV
EVQLVESGGGVVQPGGSLRLSCAASGFTFDDYAMHWVRQAPGKGLEWVSLISGDGGSTYYADSVKGRFTISRDNSKNSLYLQMNSLRTEDTALYYCAKD,IGHV3-43*02,homo sapiens,IGHV
EVQLVESGGVVVQPGGSLRLSCAASGFTFDDYAMHWVRQAPGKGLEWVSLISWDGGSTYYADSVKGRFTISRDNSKNSLYLQMNSLRAEDTALYYCAKD,IGHV3-43D*03,homo sapiens,IGHV
EVQLVESGGVVVQPGGSLRLSCAASGFTFDDYAMHWVRQAPGKGLEWVSLISWDGGSTYYADSVKGRFTISRDNSKNSLYLQMNSLRAEDTALYYCAKD,IGHV3-43D*04,homo sapiens,IGHV
EDQLVESGGGLVQPGGSLRPSCAASGFAFSSYALHWVRRAPGKGLEWVSAIGTGGDTYYADSVMGRFTISRDNAKKSLYLHMNSLIAEDMAVYYCAR,IGHV3-47*01,homo sapiens,IGHV
EDQLVESGGGLVQPGGSLRPSCAASGFAFSSYVLHWVRRAPGKGPEWVSAIGTGGDTYYADSVMGRFTISRDNAKKSLYLQMNSLIAEDMAVYYCAR,IGHV3-47*02,homo sapiens,IGHV
EVQLVESGGGLVQPGGSLRLSCAASGFTFSSYSMNWVRQAPGKGLEWVSYISSSSSTIYYADSVKGRFTISRDNAKNSLYLQMNSLRAEDTAVYYCAR,IGHV3-48*01,homo sapiens,IGHV
EVQLVESGGGLVQPGGSLRLSCAASGFTFSSYSMNWVRQAPGKGLEWVSYISSSSSTIYYADSVKGRFTISRDNAKNSLYLQMNSLRDEDTAVYYCAR,IGHV3-48*02,homo sapiens,IGHV
EVQLVESGGGLVQPGGSLRLSCAASGFTFSSYEMNWVRQAPGKGLEWVSYISSSGSTIYYADSVKGRFTISRDNAKNSLYLQMNSLRAEDTAVYYCAR,IGHV3-48*03,homo sapiens,IGHV
EVQLVESGGGLVQPGGSLRLSCAASGFTFSSYSMNWVRQAPGKGLEWVSYISSSSSTIYYADSVKGRFTISRDNAKNSLYLQMNSLRAEDTAVYYCAR,IGHV3-48*04,homo sapiens,IGHV
EVQLVESGGGLVQPGRSLRLSCTASGFTFGDYAMSWFRQAPGKGLEWVGFIRSKAYGGTTEYTASVKGRFTISRDGSKSIAYLQMNSLKTEDTAVYYCTR,IGHV3-49*01,homo sapiens,IGHV
EVQLVESGGGLVQPGPSLRLSCTASGFTFGYYPMSWVRQAPGKGLEWVGFIRSKAYGGTTEYAASVKGRFTISRDDSKSIAYLQMNSLKTEDTAVYYCTR,IGHV3-49*02,homo sapiens,IGHV
EVQLVESGGGLVQPGRSLRLSCTASGFTFGDYAMSWFRQAPGKGLEWVGFIRSKAYGGTTEYAASVKGRFTISRDDSKSIAYLQMNSLKTEDTAVYYCTR,IGHV3-49*03,homo sapiens,IGHV
EVQLVESGGGLVQPGRSLRLSCTASGFTFGDYAMSWVRQAPGKGLEWVGFIRSKAYGGTTEYAASVKGRFTISRDDSKSIAYLQMNSLKTEDTAVYYCTR,IGHV3-49*04,homo sapiens,IGHV
EVQLVESGGGLVKPGRSLRLSCTASGFTFGDYAMSWFRQAPGKGLEWVGFIRSKAYGGTTEYAASVKGRFTISRDDSKSIAYLQMNSLKTEDTAVYYCTR,IGHV3-49*05,homo sapiens,IGHV
EVQLVESG*GLVQPGGSLRLSCAASGFTFSSSWMHWVCQAPEKGLEWVADIKCDGSEKYYVDSVKGRLTISRDNAKNSLYLQVNSLRAEDMTVYYCVR,IGHV3-52*01,homo sapiens,IGHV
EVQLVESG*GLVQPGGSLRLSCAASGFTFSSSWMHWVCQAPEKGQEWVADIKCDGSEKYYVDSVKGRLTISRDNAKNSLYLQVNSLRAEDMTVYYCVR,IGHV3-52*02,homo sapiens,IGHV
EVQLVESG*GLVQPGGSLRLSCAASGFTFSSSWMHWVCQAPEKGLEWVADIKCDGSEKYYVDSVKGRLTISRDNAKNSLYLQVNSLRAEDMTVYYCVR,IGHV3-52*03,homo sapiens,IGHV
EVQLVESGGGLIQPGGSLRLSCAASGFTVSSNYMSWVRQAPGKGLEWVSVIYSGGSTYYADSVKGRFTISRDNSKNTLYLQMNSLRAEDTAVYYCAR,IGHV3-53*01,homo sapiens,IGHV
EVQLVETGGGLIQPGGSLRLSCAASGFTVSSNYMSWVRQAPGKGLEWVSVIYSGGSTYYADSVKGRFTISRDNSKNTLYLQMNSLRAEDTAVYYCAR,IGHV3-53*02,homo sapiens,IGHV
EVQLVESGGGLIQPGGSLRLSCAASGFTVSSNYMSWVRQPPGKGLEWVSVIYSGGSTYYADSVKGRFTISRDNSKNTLYLQMNSLRAEDTAVYYCAR,IGHV3-53*03,homo sapiens,IGHV
EVQLVESGGGLVQPGGSLRLSCAASGFTVSSNYMSWVRQAPGKGLEWVSVIYSGGSTYYADSVKGRFTISRHNSKNTLYLQMNSLRAEDTAVYYCAR,IGHV3-53*04,homo sapiens,IGHV
EVQLVETGGGLIQPGGSLRLSCAASGFTVSSNYMSWVRQAPGKGLEWVSVIYSGGSTYYADSVKGRFTISRDNSKNTLYLQMNSLRAEDTAVYYCAR,IGHV3-53*05,homo sapiens,IGHV
EVQLVESEENQRQLGGSLRLSCADSGLTFSSY*MSSDSQAPGKGLE*VVDI**DRSQLCYAQSVKSRFTISKENAKNSLCLQMNSLRAEGTAVYYCM*,IGHV3-54*01,homo sapiens,IGHV
EVQLVESEENQRQLGGSLRLSCADSGLTFSSY*MSSDSQAPGKGLE*VVDI*YDRSQICYAQSVKSRFTISKENAKNSLRLQMNSLRAEGTAVYYCM*,IGHV3-54*02,homo sapiens,IGHV
EVQLVESEENQRQLGGSLRLSCADSGLTFSSY*MSSDSQAPGKGLE*VVDI**DRSQLCYAQSVKSRFTISKENAKNSLCLQMNSLRAEGTAVYYCM*,IGHV3-54*04,homo sapiens,IGHV
EVQLVESGEGLVQPGGSLRLSCAASGFTFSSSAMHWVRQAPRKGL*WVSVISTSGDTVLYTDSVKGRFTISRDNAQNSLSLQMNSLRAEGTVVYYCVK,IGHV3-62*01,homo sapiens,IGHV
EVQLVESGEGLVQPGGSLRLSCAASGFTFSSSAMHWVRQAPRKGL*WVSVISTSGDTVLYTDSVKGRFTISRDNAQNSLYLQMNSLRADDMAVYYCVK,IGHV3-62*03,homo sapiens,IGHV
EVQLVKSGGGLVQPGGSLRLSCAASGFTFSSSAMHWVRQAPRKGLEWVSVISTSGDTVLYTDSVKGRFTISRDNAQNSLSLQMNSLRAEDMAVYYCVK,IGHV3-62*04,homo sapiens,IGHV
EVELIESIEGLRQLGKFLRLSCVASGFTFSSY*MSWVNETLGKGLEGVIDVKYDGSQIYHADSVKGRFTISKDNAKNSPYLQTNSLRAEDMTMHGCT*G,IGHV3-63*01,homo sapiens,IGHV
EVELIESIEGLRQLGKFLRLSCVASGFTFSSY*MSWVNETLGKGLEGVIDVKYDGSQIYHADSVKGRFTISKDNAKNSPYLQTNSLRAEDMTMHGCT*,IGHV3-63*02,homo sapiens,IGHV
EVQLVESGGGLVQPGGSLRLSCAASGFTFSSYAMHWVRQAPGKGLEYVSAISSNGGSTYYANSVKGRFTISRDNSKNTLYLQMGSLRAEDMAVYYCAR,IGHV3-64*01,homo sapiens,IGHV
EVQLVESGEGLVQPGGSLRLSCAASGFTFSSYAMHWVRQAPGKGLEYVSAISSNGGSTYYADSVKGRFTISRDNSKNTLYLQMGSLRAEDMAVYYCAR,IGHV3-64*02,homo sapiens,IGHV
EVQLVESGGGLVQPGGSLRLSCSASGFTFSSYAMHWVRQAPGKGLEYVSAISSNGGSTYYADSVKGRFTISRDNSKNTLYVQMSSLRAEDTAVYYCVK,IGHV3-64*03,homo sapiens,IGHV
QVQLVESGGGLVQPGGSLRLSCSASGFTFSSYAMHWVRQAPGKGLEYVSAISSNGGSTYYADSVKGRFTISRDNSKNTLYLQMNSLRAEDTAVYYCAR,IGHV3-64*04,homo sapiens,IGHV
EVQLVESGGGLVQPGGSLRLSCSASGFTFSSYAMHWVRQAPGKGLEYVSAISSNGGSTYYADSVKGRFTISRDNSKNTLYVQMSSLRAEDTAVYYCVK,IGHV3-64*05,homo sapiens,IGHV
EVQLVESGGGLVQPGGSLRLSCAASGFTFSSYAMHWVRQAPGKGLEYVSAISSNGGSTYYADSVKGRFTISRDNSKNTLYLQMGSLRAEDMAVYYCAR,IGHV3-64*07,homo sapiens,IGHV
EVQLVESGGGLVQPGGSLRLSCSASGFTFSSYAMHWVRQAPGKGLEYVSAISSNGGSTYYADSVKGRFTISRDNSKNTLYLQMSSLRAEDTAVYYCVK,IGHV3-64D*06,homo sapiens,IGHV
EVQLVESGGGLVQPGGSLRLSCSASGFTFSSYAMHWVRQAPGKGLEYVSAISSNGGSTYYADSVKGRFTISRDNSKNTLYLQMSSLRAEDTAVYYCVK,IGHV3-64D*08,homo sapiens,IGHV
EVQLVESGGGLVQPGGSLRLSCSASGFTFSSYAMHWVRQAPGKGLEYVSAISSNGGSTYYADSVKGRFTISRDNSKNTLYLQMSSLRAEDTAVYYCVK,IGHV3-64D*09,homo sapiens,IGHV
EVQLVESGGGLVQPGGSLRLSCAASGFTVSSNYMSWVRQAPGKGLEWVSVIYSGGSTYYADSVKGRFTISRDNSKNTLYLQMNSLRAEDTAVYYCAR,IGHV3-66*01,homo sapiens,IGHV
EVQLVESGGGLVQPGGSLRLSCAASGFTVSSNYMSWVRQAPGKGLEWVSVIYSGGSTYYADSVKGRFTISRDNSKNTLYLQMNSLRAEDTAVYYCAR,IGHV3-66*02,homo sapiens,IGHV
EVQLVESGGGLIQPGGSLRLSCAASGFTVSSNYMSWVRQAPGKGLEWVSVIYSCGSTYYADSVKGRFTISRDNSKNTLYLQMNSLRAEDTAVYYCAR,IGHV3-66*03,homo sapiens,IGHV
EVQLVESGGGLVQPGGSLRLSCAASGFTVSSNYMSWVRQAPGKGLEWVSVIYSGGSTYYADSVKGRFTISRDNSKNTLYLQMNSLRAEDTAVYYCAR,IGHV3-66*04,homo sapiens,IGHV
EVQLVESGGGLVKPGGSLRLSCAASGFTFSDYYMNWVRQAPGKGLEWVSSISSSSTIYYADSVKGRFTISRDNAKNSLYLQMNSLRAEDTAVYYCAR,IGHV3-69-1*01,homo sapiens,IGHV
EVQLVESGGGLVKPGGSLRLSCAASGFTFSDYYMNWVRQAPGKGLEWVSSISSSSTIYYADSVKGRFTISRDNAKNSLYLQMNSLRAEDTAVYYCAR,IGHV3-69-1*02,homo sapiens,IGHV
EVQLVESGGGLVQPGGSLRLSCAASGFTFSSYWMSWVRQAPGKGLEWVANIKQDGSEKYYVDSVKGRFTISRDNAKNSLYLQMNSLRAEDTAVYYCAR,IGHV3-7*01,homo sapiens,IGHV
EVQLVESGGGLVQPGGSLRLSCAASGFTFSSYWMSWVRQAPGKGLEWVANIKQDGSEKYYVDSVKGRFTISRDNAKNSLYLQMNSLRAEDTAVYYCAR,IGHV3-7*02,homo sapiens,IGHV
EVQLVESGGGLVQPGGSLRLSCAASGFTFSSYWMSWVRQAPGKGLEWVANIKQDGSEKYYVDSVKGRFTISRDNAKNSLYLQMNSLRAEDTAVYYCAR,IGHV3-7*03,homo sapiens,IGHV
EVQLVESGGGLVQPGGSLRLSCAASGFTFSSYWMSWVRQAPGKGLEWVANIKQDGSEKYYVDSVKGRFTISRDNAKNSLYLQMNSLRAEDTAVYYCAR,IGHV3-7*04,homo sapiens,IGHV
EVQLVESGGGLVQPGGSLRLSCAASGFTFSSYWMSWVRQAPGKGLEWVANIKQDGSEKYYVDSVKGRFTISRDNAKNSLYLQMNSLRAEDTAVYYCAR,IGHV3-7*05,homo sapiens,IGHV
EVQLVESGGGLVQPGGSLRLSCAASGFTFSDYYMSWVRQAPGKGLEWVGFIRNKANGGTTE*TTSVKGRFTISRDDSKSITYLQMNSLRAEDTAVYYCAR,IGHV3-71*01,homo sapiens,IGHV
EVQLVESGGGLVQPGGSLRLSCAASGFTFSDYYMSWVRQAPGKGLEWVGFIRNKANGGTTE*TTSVKGRFTISRDDSKSITYLQMNSLRAEDMAVYYCAR,IGHV3-71*02,homo sapiens,IGHV
EVQLVESGGGLVQPGGSLRLSCAASGFTFSDYYMSWVRQAPGKGLEWVGFIRNKANGGTTE*TTSVKGRFTISRDDSKSITYLQMNSLRAEDTAVYYCAR,IGHV3-71*03,homo sapiens,IGHV
EVQLVESGGGLVQPGGSLRLSCAASGFTFSDYYMSWVRQAPGKGLEWVGFIRNKANGGTTE*TTSVKGRFTISRDDSKSITYLQMNSLRAEDTAVYYCAR,IGHV3-71*04,homo sapiens,IGHV
EVQLVESGGGLVQPGGSLRLSCAASGFTFSDHYMDWVRQAPGKGLEWVGRTRNKANSYTTEYAASVKGRFTISRDDSKNSLYLQMNSLKTEDTAVYYCAR,IGHV3-72*01,homo sapiens,IGHV
TFSDHYMDWVRQAPGKGLEWVGRTRNKANSYTTEYAASVKGRFTISRDDSKNSLY,IGHV3-72*02,homo sapiens,IGHV
EVQLVESGGGLVQPGGSLKLSCAASGFTFSGSAMHWVRQASGKGLEWVGRIRSKANSYATAYAASVKGRFTISRDDSKNTAYLQMNSLKTEDTAVYYCTR,IGHV3-73*01,homo sapiens,IGHV
EVQLVESGGGLVQPGGSLKLSCAASGFTFSGSAMHWVRQASGKGLEWVGRIRSKANSYATAYAASVKGRFTISRDDSKNTAYLQMNSLKTEDTAVYYCTR,IGHV3-73*02,homo sapiens,IGHV
EVQLVESGGGLVQPGGSLRLSCAASGFTFSSYWMHWVRQAPGKGLVWVSRINSDGSSTSYADSVKGRFTISRDNAKNTLYLQMNSLRAEDTAVYYCAR,IGHV3-74*01,homo sapiens,IGHV
EVQLVESGGGLVQPGGSLRLSCAASGFTFSSYWMHWVRQAPGKGLVWVSRINSDGSSTSYADSVKGRFTISRDNAKNTLYLQMNSLRAEDTAVYYCAR,IGHV3-74*02,homo sapiens,IGHV
EVQLVESGGGLVQPGGSLRLSCAASGFTFSSYWMHWVRQAPGKGLVWVSRINSDGSSTTYADSVKGRFTISRDNAKNTLYLQMNSLRAEDTAVYYCAR,IGHV3-74*03,homo sapiens,IGHV
EVQLVESGGGLVQPGRSLRLSCAASGFTFDDYAMHWVRQAPGKGLEWVSGISWNSGSIGYADSVKGRFTISRDNAKNSLYLQMNSLRAEDTALYYCAKD,IGHV3-9*01,homo sapiens,IGHV
EVQLVESGGGLVQPGRSLRLSCAASGFTSDDYAMHWVRQAPGKGLEWVSGISWNSGSIGYADSVKGRFTISRDNAKNSLYLQMNSLRAEDTALYYCAKD,IGHV3-9*02,homo sapiens,IGHV
EVQLVESGGGLVQPGRSLRLSCAASGFTFDDYAMHWVRQAPGKGLEWVSGISWNSGSIGYADSVKGRFTISRDNAKNSLYLQMNSLRAEDMALYYCAKD,IGHV3-9*03,homo sapiens,IGHV
QVQLVESGGGVVQPGGSLRLSCAASGFTFSSYGMHWVRQAPGKGLEWVSVIYSGGSSTYYADSVKGRFTISRDNSKNTLYLQMNSLRAEDTAVYYCAK,IGHV3-NL1*01,homo sapiens,IGHV
EVQLVESGGGLVQPGGSLRLSCAASGFTFSDHYMSWVRQAQGKGLELVGLIRNKANSYTTEYAASVKGRLTISREDSKNTMYLQMSNLKTEDLAVYYCAR,IGHV3/OR15-7*01,homo sapiens,IGHV
EVQLLESGGGLVQPGGSLRLSCAASGFTFSDHYMSWVRQAQGKGLELVGLIRNKANSYTTEYAASVKGRLTISREDSKNTLYLQMSSLKTEDLAVYYCAR,IGHV3/OR15-7*02,homo sapiens,IGHV
EVQLVESGGGLVQPGGSLRLSCAASGFTFSDHYMSWVRQAQGKGLELVGLIRNKANSYTTEYAASVKGRLTISREDSKNTLYLQMSSLKTEDLAVYYCAR,IGHV3/OR15-7*03,homo sapiens,IGHV
EVQLVESGGGLVQPGGSLRLSCAASGFTFSDHYMSWVRQAQGKGLELVGLIRNKANSYTTEYAASVKGRLTISREDSKNTLYLQMSNLKTEDLAVYYCAR,IGHV3/OR15-7*05,homo sapiens,IGHV
EVQLVQSGGGLVHPGGSLRLSCAGSGFTFSSYAMHWVRQAPGKGLEWVSAIGTGGGTYYADSVKGRFTISRDNAKNSLYLQMNSLRAEDMAVYYCAR,IGHV3/OR16-10*01,homo sapiens,IGHV
EVQLVQSGGGLVQPGGSLRLSCAGSGFTFSSYAMHWVRQAPGKGLEWVSAIGTGGGTYYADSVKGRFTISRDNAKNSLYLQMNSLRAEDMAVYYCAR,IGHV3/OR16-10*02,homo sapiens,IGHV
EVQLVESGGGLVQPGGSLRLSCAGSGFTFSSYAMHWVRQAPGKGLEWVSAIGTGGGTYYADSVKGRFTISRDNAKNSLYLQMNSLRAEDMAVYYCAR,IGHV3/OR16-10*03,homo sapiens,IGHV
EVQLVESGRGLAQPGGYLKLSGAASGFTVGSWYMSWIHQAPGKGLEWVSYISSSGCSTNYADSVKGRFTISTDNSKNTLYLQMNSLRVEDTAVYYCAR,IGHV3/OR16-12*01,homo sapiens,IGHV
EVQLVESGGGLVQPGGSLRLSCAASGFTFSSYWMHWVRQAPGKGLVWVSRINSDGSSTSYADSMKGQFTISRDNAKNTLYLQMNSLRAEDMAVYYCTR,IGHV3/OR16-13*01,homo sapiens,IGHV
EVQLEESGGGLVQPGGSLRLSCAASGFTFSSYWMHWVRQSPGKGLV*VSRINSDGSSTSYADSLKGQFTISRDNAKNTLYLQMNSLRAEDMAVYYCTR,IGHV3/OR16-14*01,homo sapiens,IGHV
EVQLVESGGGLVQPGGSLRLSCAASVFTFSNSDINWVL*APGKGLEWVSGISWNGGKTHYVDSVKGQFSISRDNSSKSLYLQKNRQRAKDMAVYYCVR,IGHV3/OR16-15*01,homo sapiens,IGHV
EVQLVESGGGLVQPGGSLRHSCAASGFTFSNSDMNWVL*APGKGLEWVSGISWNGGKTHYVDSVKGQFTISRDNSSKSLYLQKNRQRAKDMAVYYCVR,IGHV3/OR16-15*02,homo sapiens,IGHV
EVQLVESGGGLVQPGGSLRHSCAASGFTFSNSDMNWVL*APGKGLEWVSDISWNGGKTHYVDSVKGQFTISRDNSSKSLYLQKNRQRAKDMAVYYCVR,IGHV3/OR16-16*01,homo sapiens,IGHV
EVQLVESGGGLVQPGGSLRLSCPDSGFTFSNHYMSWVRQAPGKGLEWISYISGDSGYTNYADSVKGRFTISRDNANNSPYLQMNSLRAEDTAVYYCVK,IGHV3/OR16-17*01,homo sapiens,IGHV
EVQLVESGGGLVQPGGSLRLSCAASGFTFSNSDMNWVL*APGKGLEWVSGISWNGGKTHYVDSVKGQFTISRDNSSKSLYLQKNRQRAKDMAVYYCVR,IGHV3/OR16-18*01,homo sapiens,IGHV
EVQLVQSGGGLVQPGGSLRLSCAGSGFTFSSYAMHWVRQAPGKGLEWVSAIGTGGGTYYADSVKGRFTISRDNAKNSLYLQMNSLRAEDMAVYYCAR,IGHV3/OR16-20*01,homo sapiens,IGHV
EVQLVESAGGLGTAWGSLRLSCAASGFTCSNAWMSWVRQAPGKGLEWVGCIKSKANGGTTDYAAPVKGRFTISRDDSKNTLYLQMISLKTEDTAVYYCTT,IGHV3/OR16-6*02,homo sapiens,IGHV
EVQLVESGGGLVQPGGSLRLSCPASGFTFSNHYMSWVRQAPGKGLEWVSYISGDSGYTNYADSVKGRFTISRDNANNSPYLQMNSLRAEDTAVYYCVK,IGHV3/OR16-8*01,homo sapiens,IGHV
EVQLVESGGGLVQPGGSLRLSCPDSGFTFSNHYMSWVRQAPGKGLEWISYISGDSGYTNYADSVKGRFTISRDNANNSPYLQMNSLRAEDTAVYYCVK,IGHV3/OR16-8*02,homo sapiens,IGHV
EVQLVESGGGLVQPGGSLRLSCAASGFTFSNHYTSWVRQAPGKGLEWVSYSSGNSGYTNYADSVKGRFTISRDNAKNSLYLQMNSLRAEDTAVYYCVK,IGHV3/OR16-9*01,homo sapiens,IGHV
QVQLQESGPGLVKPSDTLSLTCAVSGYSISSSNWWGWIRQPPGKGLEWIGYIYYSGSTYYNPSLKSRVTMSVDTSKNQFSLKLSSVTAVDTAVYYCAR,IGHV4-28*01,homo sapiens,IGHV
QVQLQESGPGLVKPSQTLSLTCAVSGYSISSSNWWGWIRQPPGKGLEWIGYIYYSGSIYYNPSLKSRVTMSVDTSKNQFSLKLSSVTAVDTAVYYCAR,IGHV4-28*02,homo sapiens,IGHV
QVQLQESGPGLVKPSDTLSLTCAVSGYSISSSNWWGWIRQPPGKGLEWIGYIYYSGSTYYNPSLKSRVTMSVDTSKNQFSLKLSSVTAVDTAVYYCAR,IGHV4-28*03,homo sapiens,IGHV
QVQLQESGPGLVKPSDTLSLTCAVSGYSISSSNWWGWIRQPPGKGLEWIGYIYYSGSTYYNPSLKSRVTMSVDTSKNQFSLKLSSVTAVDTGVYYCAR,IGHV4-28*04,homo sapiens,IGHV
QVQLQESGPGLVKPSDTLSLTCAVSGYSISSSNWWGWIRQPPGKGLEWIGYIYYSGSIYYNPSLKSRVTMSVDTSKNQFSLKLSSVTAVDTAVYYCAR,IGHV4-28*05,homo sapiens,IGHV
QVQLQESGPGLVKPSDTLSLTCAVSGYSISSSNWWGWIRQPPGKGLEWIGYIYYSGSTNYNPSLKSRVTMSVDTSKNQFSLKLSSVTALDTAVYYCAR,IGHV4-28*06,homo sapiens,IGHV
QVQLQESGPGLVKPSDTLSLTCAVSGYSISSSNWWGWIRQPPGKGLEWIGYIYYSGSTYYNPSLKSRVTMSVDTSKNQFSLKLSSVTAVDTAVYYCAR,IGHV4-28*07,homo sapiens,IGHV
QLQLQESGSGLVKPSQTLSLTCAVSGGSISSGGYSWSWIRQPPGKGLEWIGYIYHSGSTYYNPSLKSRVTISVDRSKNQFSLKLSSVTAADTAVYYCAR,IGHV4-30-2*01,homo sapiens,IGHV
QLQLQESGSGLVKPSQTLSLTCAVSGGSISSGGYSWSWIRQPPGKGLEWIGYIYHSGSTYYNPSLKSRVTISVDRSKNQFSLKLSSVTAADTAVYYCA,IGHV4-30-2*02,homo sapiens,IGHV
QLQLQESGSGLVKPSQTLSLTCAVSGGSISSGGYSWSWIRQPPGKGLEWIGSIYYSGSTYYNPSLKSRVTISVDTSKNQFSLKLSSVTAADTAVYYCAR,IGHV4-30-2*03,homo sapiens,IGHV
SGGSISSGGYSWSWIRQPPGKGLEWIGYIYHSGSTYYNPSLKSRVTISVDTSKNQFSLKLSSVTAADTAVYYCAR,IGHV4-30-2*04,homo sapiens,IGHV
QLQLQESGSGLVKPSQTLSLTCAVSGGSISSGGYSWSWIRQPPGKGLEWIGYIYHSGSTYYNPSLKSRVTISVDTSKNQFSLKLSSVTAADTAVYYCAR,IGHV4-30-2*05,homo sapiens,IGHV
QLQLQESGSGLVKPSQTLSLTCAVSGGSISSGGYSWSWIRQSPGKGLEWIGYIYHSGSTYYNPSLKSRVTISVDRSKNQFSLKLSSVTAADTAVYYCAR,IGHV4-30-2*06,homo sapiens,IGHV
QVQLQESGPGLVKPSQTLSLTCTVSGGSISSGDYYWSWIRQPPGKGLEWIGYIYYSGSTYYNPSLKSRVTISVDTSKNQFSLKLSSVTAADTAVYYCAR,IGHV4-30-4*01,homo sapiens,IGHV
QVQLQESGPGLVKPSDTLSLTCTVSGGSISSGDYYWSWIRQPPGKGLEWIGYIYYSGSTYYNPSLKSRVTISVDTSKNQFSLKLSSVTAADTAVYYCAR,IGHV4-30-4*02,homo sapiens,IGHV
QVQLQESGPGLVKPSQTLSLTCTVSGGSISSGDYYWSWIRQPPGKGLEWIGYIYYSGSTYYNPSLKSRVTISVDTSKNQFSLKLSSVTAADTAVYY,IGHV4-30-4*03,homo sapiens,IGHV
QVQLQDSGPGLVKPSQTLSLTCTVSGGSISSGDYYWSWIRQPPGKGLEWIGYFYYSGSTYYNPSLKSRVTISVDTSKNQFSLKLSSVTAADTAVYY,IGHV4-30-4*04,homo sapiens,IGHV
SGGSISSGDYYWSWIRQXPGKGLEWIGYIYYSGSTYYNPSLKSRVTISVDTSKNQFSLKLSSVTAADTAVYYCAR,IGHV4-30-4*05,homo sapiens,IGHV
SGGSISSGDYYWSWIRQHPGKGLEWIGYIYYSGSTYYNPSLKSRVTISVDTSKNQFSLKLSSVTAADTAVYYCAR,IGHV4-30-4*06,homo sapiens,IGHV
QVQLQESGPGLVKPSQTLSLTCAVSGGSISSGGYSWSWIRQPPGKGLEWIGYIYYSGSTYYNPSLKSRVTISVDTSKNQFSLKLSSVTAADTAVYYCAR,IGHV4-30-4*07,homo sapiens,IGHV
QVQLQESGPGLVKPSQTLSLTCTVSGGSISSGDYYWSWIRQPPGKGLEWIGYIYYSGSTYYNPSLKSRVTISVDTSKNQFSLKLSSVTAADTAVYYCAR,IGHV4-30-4*08,homo sapiens,IGHV
QVQLQESGPGLVKPSQTLSLTCTVSGGSISSGGYYWSWIRQHPGKGLEWIGYIYYSGSTYYNPSLKSLVTISVDTSKNQFSLKLSSVTAADTAVYYCAR,IGHV4-31*01,homo sapiens,IGHV
QVQLQESGPGLVKPSQTLSLTCTVSGGSISSGGYYWSWIRQHPGKGLEWIGYIYYSGSTYYNPSLKSRVTISVDTSKNQFSLKLSSVTAADTAVYYCAR,IGHV4-31*02,homo sapiens,IGHV
QVQLQESGPGLVKPSQTLSLTCTVSGGSISSGGYYWSWIRQHPGKGLEWIGYIYYSGSTYYNPSLKSRVTISVDTSKNQFSLKLSSVTAADTAVYYCAR,IGHV4-31*03,homo sapiens,IGHV
QVRLQESGPGLVKPSQTLSLTCTVSGGSISSGGYYWSWIRQHPGKGLEWIGYIYYSGSTYYNPSLKSRVTISVDTSKNQFSLKLSSVTAADTAVYYCA,IGHV4-31*04,homo sapiens,IGHV
QVQLQESGPGLVKPSQTLSLTCTVSGGSISSGGYYWSWIRQHPGKGLEWIGYIYYSGSTYYNPSLKSRVTISVDTSKNQFSLKLSSVTADAAVYYCA,IGHV4-31*05,homo sapiens,IGHV
QVQLQESGPGLVKPSQTLSLTCTVSGGSISSGSYYWSWIRQHPGKGLEWIGYIYYSGSTYYNPSLKSRVTISVDTSKNQFSLKLSSVTAADTAVYY,IGHV4-31*06,homo sapiens,IGHV
QVQLQESGPGLVKPSQTLSLTCTVSGGSISSGGYYWSWIRQHPGKGLEWIGYIYYSGSTYYNPSLKSRVTISVDTSKNQFSLKLSSVTAADTAVYY,IGHV4-31*07,homo sapiens,IGHV
QVQLQESGPGLVKPSQTLSLTCTVSGGSISSGGYYWSWIRQHPGKGLEWIGYIYYSGSTYYNPSLKSRVTISVDTSKNQFSLKLSSVTAADTAVYY,IGHV4-31*08,homo sapiens,IGHV
QVQLQESGPGLVKPSQTLSLTCTVSGGSISSGGYYWSWIRQHPGKGLEWIGYIYYSGSTYYNPSLKSRVTISVDKSKNQFSLKLSSVTAADTAVYY,IGHV4-31*09,homo sapiens,IGHV
QVQLQESGPGLLKPSQTLSLTCTVSGGSISSGGYYWSWIRQHPGKGLEWIGCIYYSGSTYYNPSLKSRVTISVDPSKNQFSLKPSSVTAADTAVDYCAR,IGHV4-31*10,homo sapiens,IGHV
QVQLQESGPGLVKPSQTLSLTCAVSGGSISSGGYYWSWIRQHPGKGLEWIGYIYYSGSTYYNPSLKSRVTISVDTSKNQFSLKLSSVTAADTAVYYCAR,IGHV4-31*11,homo sapiens,IGHV
QVQLQQWGAGLLKPSETLSLTCAVYGGSFSGYYWSWIRQPPGKGLEWIGEINHSGSTNYNPSLKSRVTISVDTSKNQFSLKLSSVTAADTAVYYCAR,IGHV4-34*01,homo sapiens,IGHV
QVQLQQWGAGLLKPSETLSLTCAVYGGSFSGYYWSWIRQPPGKGLEWIGEINHSGSTNYNPSLKSRVTISVDTSKNQFSLKLSSVTAADTAVYYCAR,IGHV4-34*02,homo sapiens,IGHV
QVQLQQWGAGLLKPSETLSLTCAVYGGSFSGYYWSWIRQPPGKGLEWIGEINHSGSTNYNPSLKSRVTISVDTSKNQFSLKLSSVTAADTAVYY,IGHV4-34*03,homo sapiens,IGHV
QVQLQQWGAGLLKPSETLSLTCAVYGGSFSGYYWSWIRQPPGKGLEWIGEINHSGSTNNNPSLKSRATISVDTSKNQFSLKLSSVTAADTAVYYCAR,IGHV4-34*04,homo sapiens,IGHV
QVQLQQWGAGLLKPSETLSLTCAVYGGSFSGYYWCWIRQPLGKGLEWIGEINHSGSTNNNPSLKSRATISVDTSKNQFSLKLSSVTAADTAVYYCAR,IGHV4-34*05,homo sapiens,IGHV
QVQLQQWGAGLLKPSETLSLTCAVYGGSFSGYYWSWIRQPPGKGLEWIGEINHSGSTNYNPSLKSRVTISVDTSKNQFSLKLGSVTAADTAVYY,IGHV4-34*06,homo sapiens,IGHV
QVQLQQWGAGLLKPSETLSLTCAVYGGSFSGYYWSWIRQPPGKGLEWIGEINHSGSTNYNPSLKSRVTISVDTSKNQFSLKLSSVTAADTAVYY,IGHV4-34*07,homo sapiens,IGHV
QVQLQQWGAGLLKPSETLSLTCAVYGGTFSGYYWSWIRQPPGKGLEWIGEINHSGSTNYNPSLKSRVTISVDTSKNQFSLKLSSVTAADTAVYYCA,IGHV4-34*08,homo sapiens,IGHV
QVQLQESGPGLVKPSQTLSLTCAVYGGSFSGYYWSWIRQPPGKGLEWIGEINHSGSTNYNPSLKSRVTISVDTSKNQFSLKLSSVTAADTAVYYCAR,IGHV4-34*09,homo sapiens,IGHV
QVQLQESGPGLVKPSETLSLTCAVYGGSFSGYYWSWIRQPPGKGLEWIGEINHSGSTNYNPSLKSRITMSVDTSKNQFYLKLSSVTAADTAVYYCAR,IGHV4-34*10,homo sapiens,IGHV
QVQLQQWGAGLLKPSETLSLTCAVYGGSVSGYYWSWIRQPPGKGLEWIGYIYYSGSTNNNPSLKSRATISVDTSKNQFSLNLSSVTAADTAVYCCAR,IGHV4-34*11,homo sapiens,IGHV
QVQLQQWGAGLLKPSETLSLTCAVYGGSFSGYYWSWIRQPPGKGLEWIGEIIHSGSTNYNPSLKSRVTISVDTSKNQFSLKLSSVTAADTAVYYCAR,IGHV4-34*12,homo sapiens,IGHV
YGGSFSGYYWSWIRQPPGKGLEWIGEINHSGSTNYNPSLKSRVTISVDTSKNQFSLKLSSVTAADTAVYYCAR,IGHV4-34*13,homo sapiens,IGHV
QVQLQESGPGLVKPSETLSLTCAVSGYSISSGYYWGWIRQPPGKGLEWIGSIYHSGSTYYNPSLKSRVTISVDTSKNQFSLKLSSVTAADTAVYYCAR,IGHV4-38-2*01,homo sapiens,IGHV
QVQLQESGPGLVKPSETLSLTCTVSGYSISSGYYWGWIRQPPGKGLEWIGSIYHSGSTYYNPSLKSRVTISVDTSKNQFSLKLSSVTAADTAVYYCAR,IGHV4-38-2*02,homo sapiens,IGHV
QLQLQESGPGLVKPSETLSLTCTVSGGSISSSSYYWGWIRQPPGKGLEWIGSIYYSGSTYYNPSLKSRVTISVDTSKNQFSLKLSSVTAADTAVYYCAR,IGHV4-39*01,homo sapiens,IGHV
QLQLQESGPGLVKPSETLSLTCTVSGGSISSSSYYWGWIRQPPGKGLEWIGSIYYSGSTYYNPSLKSRVTISVDTSKNHFSLKLSSVTAADTAVYYCAR,IGHV4-39*02,homo sapiens,IGHV
QLQLQESGPGLVKPSETLSLTCTVSGGSISSSSYYWGWIRQPPGKGLEWIGSIYYSGSTYYNPSLKSRVTISVDTSKNQFSLKLSSVTAADTAVYY,IGHV4-39*03,homo sapiens,IGHV
SISSSSYYWGWIRQPPGKGLEWIGSIYYSGSTYYNPSLKSRVTISVDTSKNQFSLKLSSVTAAD,IGHV4-39*04,homo sapiens,IGHV
QLQLQESGPGLVKPSETPSLTCTVSGGSISSSSYYWGWIRQPPGKGLEWIGSIYYSGSTYYNPSLKSRVTISVDTSKNQFSLKLSSVTAADTAVYYCA,IGHV4-39*05,homo sapiens,IGHV
RLQLQESGPGLVKPSETLSLTCTVSGGSISSSSYYWGWIRQPPGKGLEWIGSIYYSGSTYYNPSLKSRVTISVDTSKNQFPLKLSSVTAADTAVYYCAR,IGHV4-39*06,homo sapiens,IGHV
QLQLQESGPGLVKPSETLSLTCTVSGGSISSSSYYWGWIRQPPGKGLEWIGSIYYSGSTYYNPSLKSRVTISVDTSKNQFSLKLSSVTAADTAVYYCAR,IGHV4-39*07,homo sapiens,IGHV
QVQLQESGPGLVKPPGTLSLTCAVSGGSISSSNWWSWVRQPPGKGLEWIGEIYHSGSTNYNPSLKSRVTISVDKSKNQFSLKLSSVTAADTAVYCCAR,IGHV4-4*01,homo sapiens,IGHV
QVQLQESGPGLVKPSGTLSLTCAVSGGSISSSNWWSWVRQPPGKGLEWIGEIYHSGSTNYNPSLKSRVTISVDKSKNQFSLKLSSVTAADTAVYYCAR,IGHV4-4*02,homo sapiens,IGHV
QVQLQESGPGLVKPPGTLSLTCAVSGGSISSSNWWSWVRQPPGKGLEWIGEIYHSGSTNYNPSLKSRVTISVDKSKNQFSLKLSSVTAADTAVYYCAR,IGHV4-4*03,homo sapiens,IGHV
QVQLQESGPGLVKPPGTLSLTCAISGGSISSSNWWSWVRQPPGKGLEWIGEIYHSGSTNYNPSLKSRVTISVDKSKNQFSLKLSSVTAADTAVYY,IGHV4-4*04,homo sapiens,IGHV
QVQLQELGPGLVKPPGTLSLTCAVSGGSISSSNWWSWVRQPPGKGLEWIGEIYHSGSTNYNPSLKSRVTISVDKSKNQFSLKLSSVTAADTAVYY,IGHV4-4*05,homo sapiens,IGHV
SGGSISSSNWWSWVRQPPGXXLEWIGEIYHSGSTNYNPSLKSRVTMSVDTSKNQFSLKLSSVTAADTAVYYCAR,IGHV4-4*06,homo sapiens,IGHV
QVQLQESGPGLVKPSETLSLTCTVSGGSISSYYWSWIRQPAGKGLEWIGRIYTSGSTNYNPSLKSRVTMSVDTSKNQFSLKLSSVTAADTAVYYCAR,IGHV4-4*07,homo sapiens,IGHV
QVQLQESGPGLVKPSETLSLTCTVSGGSISSYYWSWIRQPPGKGLEWIGYIYTSGSTNYNPSLKSRVTISVDTSKNQFSLKLSSVTAADTAVYYCAR,IGHV4-4*08,homo sapiens,IGHV
QVQLQESGPGLVKPSETLSLTCTVSGGSISSYYWSWIRQPPGKGLEWIGYIYTSGSTNYNPSLKSRVTISVDTSKNQFSLKLSSVTAADTAVYYCAR,IGHV4-4*09,homo sapiens,IGHV
QVQLQESGPGLVKPSETLSLICAVSGDSISSGNW*IWVRQPPGKGLEWIGEIHHSGSTYYNPSLKSRITMSVDTSKNQFYLKLSSVTAADTAVYYCAR,IGHV4-55*01,homo sapiens,IGHV
QVQLQESGPGLVKPSETLSLICAVSGDSISSGNW*IWVRQPPGKGLEWIGEIHHSGSTYYNPSLKSRITMSVDTSKNQFYLKLSSVTAADTAVYYCAR,IGHV4-55*02,homo sapiens,IGHV
QVQLQESGPGLVKPSETLSLICAVSGDSISSGNW*IWVRQPPGKGLEWIGEIHHSGSTYYNPSLKSRITMSVDTSKNQFSLKLSSVTAADTAVYY,IGHV4-55*03,homo sapiens,IGHV
QVQLQESGPGLVKLSETLSLICAVSGDSISSGNW*IWVRQPPGKGLEWIGEIHHSGSTYYNPSLKSRITMSVDTSKNQFYLKLSSVTAADTAVYY,IGHV4-55*04,homo sapiens,IGHV
QVQLQESGPGLVKLSETLSLICAVSGDSISSGNW*IWVRQPPGKGLEWIGEIHHSGSTYYNPSLKSRITMSVDTSKNQFYLKLSSVTAADTAVYY,IGHV4-55*05,homo sapiens,IGHV
QVQLQESGPGLVKPSETLSLICAVSGDSISSGNW*IWVRQPPGKGLEWIGEIHHSGSTYYNPSLKSRITMSVDTSKKQFYLKLSSVTAADTAVYY,IGHV4-55*06,homo sapiens,IGHV
QVQLQESGPGLVKPSETLSLICAVSGDSISSGNW*IWVRQPPGKGLEWIGEIHHSGSTYYNPSLKSRITMSVDTSRNQFSLKLSSVTAADTAVYY,IGHV4-55*07,homo sapiens,IGHV
QVQLQESGPGLVKPSETLSLICAVSGDSISSGNW*IWVRQPPGKGLEWIGEIHHSGSTYYNPSLKSRITMSVDTSKNQFYLKLSSVTAADTAVYYCAR,IGHV4-55*08,homo sapiens,IGHV
QVQLQESGPGLVKPSETLSLICAVSGDSISSGNW*IWVRQPPGKGLEWIGEIHHSGSTYYNPSLKSRITMSVDTSKNQFSLKLSSVTAVDTAVYYCAR,IGHV4-55*09,homo sapiens,IGHV
QVQLQESGPGLVKPSETLSLTCTVSGGSISSYYWSWIRQPPGKGLEWIGYIYYSGSTNYNPSLKSRVTISVDTSKNQFSLKLSSVTAADTAVYYCAR,IGHV4-59*01,homo sapiens,IGHV
QVQLQESGPGLVKPSETLSLTCTVSGGSVSSYYWSWIRQPPGKGLEWIGYIYYSGSTNYNPSLKSRVTISVDTSKNQFSLKLSSVTAADTAVYYCAR,IGHV4-59*02,homo sapiens,IGHV
QVQLQESGPGLVKPSETLSLTCTVSGGSISSYYWSWIRQPPGKGLEWIGYIYYSGSTNYNPSLKSRVTISVDTSKNQFSLKLSSVTAADTAVYYCA,IGHV4-59*03,homo sapiens,IGHV
QVQLQESGPGLVKPSETLSLTCTVSGGSISSYYWSWIRQPPGKGLEWIGYIYYSGSTYYNPSLKSRVTMSVDTSKNQFSLKLSSVTAADTAVYYCA,IGHV4-59*04,homo sapiens,IGHV
QVQLQESGPGLVKPSETLSLTCTVSGGSISSYYWSWIRQPPGKGLEWIGRIYYSGSTYYNPSLKSRVTISVDTSKNQFSLKLSSVTAADTAVYYCA,IGHV4-59*05,homo sapiens,IGHV
QVQLQESGPGLVKPSETLSLTCTVTGGSISSYYWSWIRQPAGKGLEWIGYIYYSGSTYYNPSLKSRVTISVDTSKNQFSLKLSSVTAADTAVYYCA,IGHV4-59*06,homo sapiens,IGHV
QVQLQESGPGLVKPSDTLSLTCTVSGGSISSYYWSWIRQPPGKGLEWIGYIYYSGSTNYNPSLKSRVTISVDTSKNQFSLKLSSVTAADTAVYYCAR,IGHV4-59*07,homo sapiens,IGHV
QVQLQESGPGLVKPSETLSLTCTVSGGSISSYYWSWIRQPPGKGLEWIGYIYYSGSTNYNPSLKSRVTISVDTSKNQFSLKLSSVTAADTAVYYCAR,IGHV4-59*08,homo sapiens,IGHV
SGGSISSYYWSWIRQPPGXXLEWIGYIYYSGSTNYNPSLKSRVTISVDTSKNQFSLKLSSVTAADTAVYYCAR,IGHV4-59*09,homo sapiens,IGHV
QVQLQQWGAGLLKPSETLSLTCAVYGGSISSYYWSWIRQPAGKGLEWIGRIYTSGSTNYNPSLKSRVTMSVDTSKNQFSLKLSSVTAADTAVYYCAR,IGHV4-59*10,homo sapiens,IGHV
QVQLQESGPGLVKPSETLSLTCTVSGGSISSHYWSWIRQPPGKGLEWIGYIYYSGSTNYNPSLKSRVTISVDTSKNQFSLKLSSVTAADTAVYYCAR,IGHV4-59*11,homo sapiens,IGHV
QVQLQESGPGLVKPSETLSLTCTVSGGSISSYYWSWIRQPPGKGLEWIGYIYYSGSTNYNPSLKSRVTISVDTSKNQFSLKLSSVTAADTAVYYCAR,IGHV4-59*12,homo sapiens,IGHV
QVQLQESGPGLVKPSETLSLTCTVSGGSISSYYWSWIRQPPGKGLEWIGYIYYSGSTNYNPSLKSRVTISVDTSKNQFSLKLSSVTAADTAVYYCAR,IGHV4-59*13,homo sapiens,IGHV
QVQLQESGPGLVKPSETLSLTCTVSGGSVSSGSYYWSWIRQPPGKGLEWIGYIYYSGSTNYNPSLKSRVTISVDTSKNQFSLKLSSVTAADTAVYYCAR,IGHV4-61*01,homo sapiens,IGHV
QVQLQESGPGLVKPSQTLSLTCTVSGGSISSGSYYWSWIRQPAGKGLEWIGRIYTSGSTNYNPSLKSRVTISVDTSKNQFSLKLSSVTAADTAVYYCAR,IGHV4-61*02,homo sapiens,IGHV
QVQLQESGPGLVKPSETLSLTCTVSGGSVSSGSYYWSWIRQPPGKGLEWIGYIYYSGSTNYNPSLKSRVTISVDTSKNHFSLKLSSVTAADTAVYYCAR,IGHV4-61*03,homo sapiens,IGHV
QVQLQESGPGLVKPSETLSLTCTVSGGSVSSGSYYWSWIRQPPGKGLEWIGYIYYSGSTNYNPSLKSRVTISVDTSKNQFSLKLSSVTADTAVYY,IGHV4-61*04,homo sapiens,IGHV
QLQLQESGPGLVKPSETLSLTCTVSGGSISSSSYYWGWIRQPPGKGLEWIGYIYYSGSTNYNPSLKSRVTISVDKSKNQFSLKLSSVTAADTAVYYCAR,IGHV4-61*05,homo sapiens,IGHV
SGGSVSSGSYYWSWIRQPPGKGLEWIGYIYYSGSTNYNPSLKSRVTISVDTSKNQFSLKLSSVTAADTAVYYCAR,IGHV4-61*06,homo sapiens,IGHV
SGGSVSSGSYYWSWIRQPPGKGLEWIGYIYYSGSTNYNPSLKSRVTISVDTSKNQFSLKLSSVTAADTAVYYCAR,IGHV4-61*07,homo sapiens,IGHV
QVQLQESGPGLVKPSETLSLTCTVSGGSVSSGGYYWSWIRQPPGKGLEWIGYIYYSGSTNYNPSLKSRVTISVDTSKNQFSLKLSSVTAADTAVYYCAR,IGHV4-61*08,homo sapiens,IGHV
QVQLQESGPGLVKPSQTLSLTCTVSGGSISSGSYYWSWIRQPAGKGLEWIGHIYTSGSTNYNPSLKSRVTISVDTSKNQFSLKLSSVTAADTAVYYCAR,IGHV4-61*09,homo sapiens,IGHV
QVQLQESGPGLVKPSETLSLTCTVSGGSVSSGSYYWSWIRQPAGKGLEWIGYIYYSGSTNYNPSLKSRVTISVDTSKNQFSLKLSSVTAADTAVYYCAR,IGHV4-61*10,homo sapiens,IGHV
QVQLQESGPGLVKPSETLSLTCVVSGGSISSSNWWSWVRQPPGKGLEWIGEIYHSGSPNYNPSLKSRVTISVDKSKNQFSLKLSSVTAADTAVYYCAR,IGHV4/OR15-8*01,homo sapiens,IGHV
QVQLQESGPGLVKPSETLSLTCVVSGGSISSSNWWSWVRQPPGKGLEWIGEIYHSGNPNYNPSLKSRVTISIDKSKNQFSLKLSSVTAADTAVYYCAR,IGHV4/OR15-8*02,homo sapiens,IGHV
QVQLQESGPGLVKPSETLSLTCVVSGGSISSSNWWSWVRQPPGKGLEWIGEIYHSGSPNYNPSLKSRVTISVDKSKNQFSLKLSSVTAADTAVYYCAR,IGHV4/OR15-8*03,homo sapiens,IGHV
EVQLVQSGAEVKKPGESLRISCKGSGYSFTSYWISWVRQMPGKGLEWMGRIDPSDSYTNYSPSFQGHVTISADKSISTAYLQWSSLKASDTAMYYCAR,IGHV5-10-1*01,homo sapiens,IGHV
EVQLVQSGAEVKKPGESLRISCKGSGYSFTSYWISWVRQMPGKGLEWMGRIDPSDSYTNYSPSFQGHVTISADKSISTAYLQWSSLKASDTAMYYCAR,IGHV5-10-1*02,homo sapiens,IGHV
EVQLVQSGAEVKKPGESLRISCKGSGYSFTSYWISWVRQMPGKGLEWMGRIDPSDSYTNYSPSFQGHVTISADKSISTAYLQWSSLKASDTAMYYCAR,IGHV5-10-1*03,homo sapiens,IGHV
EVQLVQSGAEVKKPGESLRISCKGSGYSFTSYWISWVRQMPGKGLEWMGRIDPSDSYTNYSPSFQGQVTISADKSISTAYLQWSSLKASDTAMYYCAR,IGHV5-10-1*04,homo sapiens,IGHV
EVQLVQSGAEVKKPGESLKISCKGSGYSFTSYWIGWVRQMPGKGLEWMGIIYPGDSDTRYSPSFQGQVTISADKSISTAYLQWSSLKASDTAMYYCAR,IGHV5-51*01,homo sapiens,IGHV
EVQLVQSGAEVKKPGESLKISCKGSGYSFTSYWTGWVRQMPGKGLEWMGIIYPGDSDTRYSPSFQGQVTISADKSISTAYLQWSSLKASDTAMYYCAR,IGHV5-51*02,homo sapiens,IGHV
EVQLVQSGAEVKKPGESLKISCKGSGYSFTSYWIGWVRQMPGKGLEWMGIIYPGDSDTRYSPSFQGQVTISADKSISTAYLQWSSLKASDTAMYYCAR,IGHV5-51*03,homo sapiens,IGHV
EVQLVQSGAEVKKPGESLKISCKGSGYSFTSYWIGWVRQMPGKGLEWMGIIYPGDSDTRYSPSFQGQVTISADKPISTAYLQWSSLKASDTAMYYCAR,IGHV5-51*04,homo sapiens,IGHV
KPGESLKISCKGSGYSFTSYWIGWVRQMPRKGLEWMGIIYPGDSDTRYSPSFQGQVTISADKSISTAYLQWSSLKASDTAM,IGHV5-51*05,homo sapiens,IGHV
EVQLVQSGAEVKKPGESLKISCKGSGYSFTSYWIGWVRQMPGKGLEWMGIIYPGDSDTRYSPSFQGQVTISADKSISTAYLQWSSLKASDTAMYYCAR,IGHV5-51*06,homo sapiens,IGHV
EVQLVQSGAEVKKPGESLKISCKGSGYSFTSYWIGWVHQMPGKGLEWMGIIYPGDSDTRYSPSFQGQVTISADKSISTAYLQWSSLKASDTAMYYCAR,IGHV5-51*07,homo sapiens,IGHV
EVQLLQSAAEVKRPGESLRISCKTSGYSFTSYWIHWVRQMPGKELEWMGSIYPGNSDTRYSPSFQGHVTISADSSSSTAYLQWSSLKASDAAMYYCVR,IGHV5-78*01,homo sapiens,IGHV
QVQLQQSGPGLVKPSQTLSLTCAISGDSVSSNSAAWNWIRQSPSRGLEWLGRTYYRSKWYNDYAVSVKSRITINPDTSKNQFSLQLNSVTPEDTAVYYCAR,IGHV6-1*01,homo sapiens,IGHV
QVQLQQSGPGLVKPSQTLSLTCAISGDSVSSNSAAWNWIRQSPSRGLEWLGRTYYRSKWYNDYAVSVKSRITINPDTSKNQFSLQLNSVTPEDTAVYYCAR,IGHV6-1*02,homo sapiens,IGHV
QVQLQQSGPGLVKPSQTLSLTCAISGDSVSSNSAAWNWIRQSPSRGLEWLGRTYYRSKWYNDYAVSVKS*ITINPDTSKNQFSLQLNSVTPEDTAVYYCAR,IGHV6-1*03,homo sapiens,IGHV
LQLVQSGPEVKKPGASVKVSYKSSGYTFTIYGMNWV**TPGQGFEWM*WIITYTGNPTYTHGFTGWFVFSMDTSVSTACLQISSLKAEDTAEYYCAK,IGHV7-34-1*01,homo sapiens,IGHV
LQLVQSGPEVKKPGASVKVSYKSSGYTFTIYGMNWV**TPGQGFEWM*WIITYNGNPTYTHGFTGWFVFSMDTSVSTACLQISSLKAEDTAEYYCAK,IGHV7-34-1*02,homo sapiens,IGHV
LQLVQSGPEVKKRGASVKVSYKSSGYTFTIYGMNWV**TPGQGFEWM*WIITYTGNPTYTHGFTGWFVFSMDTSVSTACLQISSLKAEDTAEYYCAK,IGHV7-34-1*03,homo sapiens,IGHV
QVQLVQSGSELKKPGASVKVSCKASGYTFTSYAMNWVRQAPGQGLEWMGWINTNTGNPTYAQGFTGRFVFSLDTSVSTAYLQICSLKAEDTAVYYCAR,IGHV7-4-1*01,homo sapiens,IGHV
QVQLVQSGSELKKPGASVKVSCKASGYTFTSYAMNWVRQAPGQGLEWMGWINTNTGNPTYAQGFTGRFVFSLDTSVSTAYLQISSLKAEDTAVYYCAR,IGHV7-4-1*02,homo sapiens,IGHV
QVQLVQSGSELKKPGASVKVSCKASGYTFTSYAMNWVRQAPGQGLEWMGWINTNTGNPTYAQGFTGRFVFSLDTSVSTAYLQISTLKAEDT,IGHV7-4-1*03,homo sapiens,IGHV
QVQLVQSGSELKKPGASVKVSCKASGYTFTSYAMNWVRQAPGQGLEWMGWINTNTGNPTYAQGFTGRFVFSLDTSVSMAYLQISSLKAEDTAVYYCAR,IGHV7-4-1*04,homo sapiens,IGHV
QVQLVQSGSELKKPGASVKVSCKASGYTFTSYAMNWVRQAPGQGLEWMGWINTNTGNPTYAQGFTGRFVFSLDTSVSMAYLQISSLKAEDTAVCYCAR,IGHV7-4-1*05,homo sapiens,IGHV
FSIEKSNNLSVNQWMIR*NMIYVNHGILCSQYGMNSV*PAPGQGLEWMGWIITYTGNPTYTNGFTGRFLFSMDTSVSMAYLQISSLKAEDTAVYDCMR,IGHV7-40*03,homo sapiens,IGHV
QVQLVQSGHEVKQPGASVKVSCKASGYSFTTYGMNWVPQAPGQGLEWMGWFNTYTGNPTYAQGFTGRFVFSMDTSASTAYLQISSLKAEDMAMYYCAR,IGHV7-81*01,homo sapiens,IGHV
EAQLTESGGDLVH*EGPLRLSCAASWFTFSIYEIHWVCQASGKGLEWVAVIWRSESHQYNADYVRGRLTTSRDNTKYMLYMQMNSLRTQNMAAFNCAG,IGHV8-51-1*01,homo sapiens,IGHV
EAQLTESGGDLVHLEGPLRLSCAASWFTFSIYEIHWVCQASGKGLEWVAVIWRGESHQYNADYVRGRLTTSRDNTKYMLYMQMISLRTQNMAAFNCAG,IGHV8-51-1*02,homo sapiens,IGHV
EAQLTESGGDLVH*EGPLRLSCAASWFTFSIYEIHWVCQASGKGLEWVAVIWRGESHQYNADYVRGRLTTSRDNTKYMLYMQMNSLRTQNMAAFNCAG,IGHV8-51-1*03,homo sapiens,IGHV
WTFGQGTKVEIK,IGKJ1*01,homo sapiens,IGKJ
YTFGQGTKLEIK,IGKJ2*01,homo sapiens,IGKJ
CTFGQGTKLEIK,IGKJ2*02,homo sapiens,IGKJ
YSFGQGTKLEIK,IGKJ2*03,homo sapiens,IGKJ
CSFGQGTKLEIK,IGKJ2*04,homo sapiens,IGKJ
FTFGPGTKVDIK,IGKJ3*01,homo sapiens,IGKJ
LTFGGGTKVEIK,IGKJ4*01,homo sapiens,IGKJ
LTFGGGTKVEIK,IGKJ4*02,homo sapiens,IGKJ
ITFGQGTRLEIK,IGKJ5*01,homo sapiens,IGKJ
DIQMTQSPSSVSASVGDRVTITCRASQGISSWLAWYQQKPGKAPKLLIYAASSLQSGVPSRFSGSGSGTDFTLTISSLQPEDFATYYCQQANSFP,IGKV1-12*01,homo sapiens,IGKV
DIQMTQSPSSVSASVGDRVTITCRASQGISSWLAWYQQKPGKAPKLLIYAASSLQSGVPSRFSGSGSGTDFTLTISSLQPEDFATYYCQQANSFP,IGKV1-12*02,homo sapiens,IGKV
AIQLTQSPSSLSASVGDRVTITCRASQGISSALA*YQQKPGKAPKLLIYDASSLESGVPSRFSGSGSGTDFTLTISSLQPEDFATYYCQQFNNYP,IGKV1-13*01,homo sapiens,IGKV
AIQLTQSPSSLSASVGDRVTITCRASQGISSALAWYQQKPGKAPKLLIYDASSLESGVPSRFSGSGSGTDFTLTISSLQPEDFATYYCQQFNSYP,IGKV1-13*02,homo sapiens,IGKV
DIQMTQSPSSLSASVGDRVTITCRASQGISNYLAWFQQKPGKAPKSLIYAASSLQSGVPSRFSGSGSGTDFTLTISSLQPEDFATYYCQQYNSYP,IGKV1-16*01,homo sapiens,IGKV
DIQMTQSPSSLSASVGDRVTITCRASQGISNYLAWFQQKPGKAPKSLIYAASSLQSGVPSKFSGSGSGTDFTLTISSLQPEDFATYYCQQYNSYP,IGKV1-16*02,homo sapiens,IGKV
DIQMTQSPSSLSASVGDRVTITCRASQGIRNDLGWYQQKPGKAPKRLIYAASSLQSGVPSRFSGSGSGTEFTLTISSLQPEDFATYYCLQHNSYP,IGKV1-17*01,homo sapiens,IGKV
DIQMTQSPSSLSASVGDRVTITCRASQGIRNDLGWYQQKPGKAPKRLIYAASSLQSGVPSRFSGSGSGTEFTLTISNLQPEDFATYYCLQHNSYP,IGKV1-17*02,homo sapiens,IGKV
DIQMTQSPSAMSASVGDRVTITCRASQGISNYLAWFQQKPGKVPKRLIYAASSLQSGVPSRFSGSGSGTEFTLTISSLQPEDFATYYCLQHNSYP,IGKV1-17*03,homo sapiens,IGKV
DIQMTQSPSSLSASVGDRVTITCRASQGISNYLAWYQQKPGKVPKLLIYAASTLQSGVPSRFSGSGSGTDFTLTISSLQPEDVATYYCQKYNSAP,IGKV1-27*01,homo sapiens,IGKV
DIQMTQSPSSLSASVGDRVTITCQASQDISNYLNWYQQKPGKAPKLLIYDASNLETGVPSRFSGSGSGTDFTFTISSLQPEDIATYYCQQYDNLP,IGKV1-33*01,homo sapiens,IGKV
DIQLTQSPSSLSASVGDRVTITCRVSQGISSYLNWYRQKPGKVPKLLIYSASNLQSGVPSRFSGSGSGTDFTLTISSLQPEDVATYYGQRTYNAP,IGKV1-37*01,homo sapiens,IGKV
DIQMTQSPSSLSASVGDRVTITCRASQSISSYLNWYQQKPGKAPKLLIYAASSLQSGVPSRFSGSGSGTDFTLTISSLQPEDFATYYCQQSYSTP,IGKV1-39*01,homo sapiens,IGKV
DIQMTQSPSFLSASVGDRVTITCRASQSISSYLNWYQQKPGKAPKLLIYAASSLQSGVPSRFSGSGSGTDFTLTISSLQPEDFATYYCQCGYSTP,IGKV1-39*02,homo sapiens,IGKV
DIQMTQSPSTLSASVGDRVTITCRASQSISSWLAWYQQKPGKAPKLLIYDASSLESGVPSRFSGSGSGTEFTLTISSLQPDDFATYYCQQYNSYS,IGKV1-5*01,homo sapiens,IGKV
DIQMTQSPSTLSASVGDRVTIICRASQSISSWLAWYQQKPGKAPKLLIYDASSLESGVPSRFSGSGSGTEFTLTISSLQPDDFATYYCQQYNSYS,IGKV1-5*02,homo sapiens,IGKV
DIQMTQSPSTLSASVGDRVTITCRASQSISSWLAWYQQKPGKAPKLLIYKASSLESGVPSRFSGSGSGTEFTLTISSLQPDDFATYYCQQYNSYS,IGKV1-5*03,homo sapiens,IGKV
AIQMTQSPSSLSASVGDRVTITCRASQGIRNDLGWYQQKPGKAPKLLIYAASSLQSGVPSRFSGSGSGTDFTLTISSLQPEDFATYYCLQDYNYP,IGKV1-6*01,homo sapiens,IGKV
AIQMTQSPSSLSASVGDRVTITCRASQGIRNDLGWYQQKPGKAPKLLIYAASSLQSGVPSRFSGSGSGTDFTLTISSLQPEDFATYYCLQDYNYP,IGKV1-6*02,homo sapiens,IGKV
AIRMTQSPSSFSASTGDRVTITCRASQGISSYLAWYQQKPGKAPKLLIYAASTLQSGVPSRFSGSGSGTDFTLTISCLQSEDFATYYCQQYYSYP,IGKV1-8*01,homo sapiens,IGKV
DIQLTQSPSFLSASVGDRVTITCRASQGISSYLAWYQQKPGKAPKLLIYAASTLQSGVPSRFSGSGSGTEFTLTISSLQPEDFATYYCQQLNSYP,IGKV1-9*01,homo sapiens,IGKV
DIQMTQSPSSLSASVGDRVTITCRASQGISNSLAWYQQKPGKAPKLLLYAASRLESGVPSRFSGSGSGTDYTLTISSLQPEDFATYYCQQYYSTP,IGKV1-NL1*01,homo sapiens,IGKV
DIQMTQSPSSLSASVGGRVTITCRASQGISNNLNWYQQKPRKTPKLLIYAASSLQSGIPSRFSDSGSGTDYTLTISSLQPEDFATYYCQQSDSNP,IGKV1/OR-2*01,homo sapiens,IGKV
DIQMTQSPSSLSASVGGRVTITCRASQGISNNLNWYQQKPGKTPKLLIYAASSLQSGIPSRFSDSGSGTDYTLTISSLQPEDFAAYYCQQSDSTP,IGKV1/OR-3*01,homo sapiens,IGKV
DIQMTQSPSSLSASVGDRVTITCRASQGISNNLNWYQQKPGKTPKFLIYAASSLQSGIPSRFSDSGSGTDYTLTISSLQPEDFATYYCQQSDSTP,IGKV1/OR-4*01,homo sapiens,IGKV
DIQMTQSPSSLSASVGDRVTITCRASQGISNNLNWYQQKPGKTPKLLIYAASSLQSGIPSRFSDSGSGADYTLTIRSLQPEDFATYYCQQSDSTP,IGKV1/OR1-1*01,homo sapiens,IGKV
DIQMTQSPSSLSASVGDRVTITCRASQGISNNLNWYQQKPGKTPKLLIYAASSLQSGIPSRFSDSGSGTDYTLTISSLQPEDFATYYCQQSDSTS,IGKV1/OR10-1*01,homo sapiens,IGKV
DIQMTQSPSSLSASVGDRVTITCRASQGISNNLNWYQQKPGKTPKLLIYAAPSLQSGIPSRFSDSGSGADYTLTIRSLQPEDFATY*CQQSDSTP,IGKV1/OR15-118*01,homo sapiens,IGKV
DIQMTQSPSSLSASVGDRVTITCRASQGISNNLNWYQQKPGKTPKLLIYAAPSLQSGIPSRFSDSGSGADYTLTIRSLQPEDFATYYCQQSDSTP,IGKV1/OR2-0*01,homo sapiens,IGKV
DIQMTQSPSSLSASVGGRVTITCRASQGISNNLNWYQQKPGKTPKLLIYAASSLQSGIPSRFSDSGSGADYTLTISSLQPEDFAAYYCQQSDSTP,IGKV1/OR2-1*01,homo sapiens,IGKV
DIQVTQSPSSLSASVGDRVTITCRASQGISNGLSWYQQKPGQAPTLLIYAASSLQSGVPSRFSGSGSGTDFTLTISSLQPEDVATYYCLQDYTTP,IGKV1/OR2-108*01,homo sapiens,IGKV
DIQMTQPPSSLSASVGDRATVSCQASQSIYNYLNWYQQKPGKAPKFLTYRASSLQRAMPSQFSGSGYGRDFTLTVSSLQPEDFATY*CQQESIFP,IGKV1/OR2-11*01,homo sapiens,IGKV
DIQMTQSPSSLSASVGDRVTITCRASQGISNNLNWYQQKPGKTPKLLIYAASSLQSGIPSRFSDSGSGADYTLTIRSLQPEDFANYYCQQSDSTP,IGKV1/OR2-118*01,homo sapiens,IGKV
DIQMTQSPSSLSASVGGRVTITCRASQGISNNLNWYQQKPGKTPKLLIYAASSLQSGIPSRFSDSGSGADYTLTISSLQPEDFAAYYCQQSDSTP,IGKV1/OR2-2*01,homo sapiens,IGKV
DIQMTQPPSSLSASVGDRVTVSCQASQSIYNYLNWYQQKPGKAPKFLTYRASSLQRGMPSQFSGSGYGRDFTLTVSSLQPEDFATY*CQQESIFP,IGKV1/OR2-3*01,homo sapiens,IGKV
DIQMTQPPSSLSASVGDRATVSCQASQSIYNYLNWYQQKPGKAPKFLTYRASSLQRAMPSQFSGSGYGRDFTLTVSSLQPEDFATY*CQQESIFP,IGKV1/OR2-9*01,homo sapiens,IGKV
DIQMTQSPSSLSASVGGRVTITCRASQGISNNLNWYQQKPGKTPKPLIYAASSLQSGIPSQFSDSGSGTD*TLTISSLQPEDFATYYCQQSYSTP,IGKV1/OR22-5*01,homo sapiens,IGKV
DIQMTQSPSSLSASVGDRVTITCRASQGISNNLNWYQQKPGKTPKLLIYAASSLQSGIPSQFSDSGSGTD*TLTISSLQPEDFTTYYCQQSYSTP,IGKV1/OR22-5*02,homo sapiens,IGKV
DIQMTQSPSSLSASVGGRVTITCRVSQGISNNLNWYQQKPRKTPKLLIYAASSLQSGIPSRFSDSGSGTDYTLTISSLQPEDFATYYCQQSDSNP,IGKV1/OR9-1*01,homo sapiens,IGKV
DIQMTQSPSSLSASVGGRVTITCRASQGISNNLNWYQQKPRKTPKLLIYAASSLQSGIPSRFSDSGSGTDYTLTISSLQPEDFATYYCQQSDSNP,IGKV1/OR9-2*01,homo sapiens,IGKV
DIQMTQSPSSLSASVGDRVTITCRASQGIINNLNWYQKKPGKTPKLLIYAASSLQSGIPTRFSDSGSGTDYTPTISSLQPEDFATYYCQQSDSTP,IGKV1/ORY-1*01,homo sapiens,IGKV
DIQMTQSPSSVSASVGDRVTITCRASQGISSWLAWYQQKPGKAPKLLIYAASSLQSGVPSRFSGSGSGTDFTLTISSLQPEDFATYYCQQANSFP,IGKV1D-12*01,homo sapiens,IGKV
DIQMTQSPSSVSASVGDRVTITCRASQGISSWLAWYQQKPGKAPKLLIYAASSLQSGVPSRFSGSGSGTDFTLTISSLQPEDFATYYCQQANSFP,IGKV1D-12*02,homo sapiens,IGKV
AIQLTQSPSSLSASVGDRVTITCRASQGISSALAWYQQKPGKAPKLLIYDASSLESGVPSRFSGSGSGTDFTLTISSLQPEDFATYYCQQFNNYP,IGKV1D-13*01,homo sapiens,IGKV
AIQLTQSPSSLSASVGDRVTITCRASQGISSALAWYQQKPGKAPKLLIYDASSLESGVPSRFSGSGSGTDFTLTISSLQPEDFATYYCQQFNSYP,IGKV1D-13*02,homo sapiens,IGKV
DIQMTQSPSSLSASVGDRVTITCRASQGISSWLAWYQQKPEKAPKSLIYAASSLQSGVPSRFSGSGSGTDFTLTISSLQPEDFATYYCQQYNSYP,IGKV1D-16*01,homo sapiens,IGKV
DIQMTQSPSSLSASVGDRVTITCRARQGISSWLAWYQQKPEKAPKSLIYAASSLQSGVPSRFSGSGSGTDFTLTISSLQPEDFATYYCQQYNSYP,IGKV1D-16*02,homo sapiens,IGKV
NIQMTQSPSAMSASVGDRVTITCRARQGISNYLAWFQQKPGKVPKHLIYAASSLQSGVPSRFSGSGSGTEFTLTISSLQPEDFATYYCLQHNSYP,IGKV1D-17*01,homo sapiens,IGKV
DIQMTQSPSSLSASVGDRVTITCQASQDISNYLNWYQQKPGKAPKLLIYDASNLETGVPSRFSGSGSGTDFTFTISSLQPEDIATYYCQQYDNLP,IGKV1D-33*01,homo sapiens,IGKV
DIQLTQSPSSLSASVGDRVTITCRVSQGISSYLNWYRQKPGKVPKLLIYSASNLQSGVPSRFSGSGSGTDFTLTISSLQPEDVATYYGQRTYNAP,IGKV1D-37*01,homo sapiens,IGKV
DIQMTQSPSSLSASVGDRVTITCRASQSISSYLNWYQQKPGKAPKLLIYAASSLQSGVPSRFSGSGSGTDFTLTISSLQPEDFATYYCQQSYSTP,IGKV1D-39*01,homo sapiens,IGKV
DIQMIQSPSFLSASVGDRVSIICWASEGISSNLAWYLQKPGKSPKLFLYDAKDLHPGVSSRFSGRGSGTDFTLTIISLKPEDFAAYYCKQDFSYP,IGKV1D-42*01,homo sapiens,IGKV
DIQMTQSPSFLSASVGDRVSIICWASEGISSNLAWYLQKPGKSPKLFLYDAKDLHPGVSSRFSGRGSGTDFTLTIISLKPEDFAAYYCKQDFSYP,IGKV1D-42*02,homo sapiens,IGKV
AIRMTQSPFSLSASVGDRVTITCWASQGISSYLAWYQQKPAKAPKLFIYYASSLQSGVPSRFSGSGSGTDYTLTISSLQPEDFATYYCQQYYSTP,IGKV1D-43*01,homo sapiens,IGKV
VIWMTQSPSLLSASTGDRVTISCRMSQGISSYLAWYQQKPGKAPELLIYAASTLQSGVPSRFSGSGSGTDFTLTISCLQSEDFATYYCQQYYSFP,IGKV1D-8*01,homo sapiens,IGKV
AIWMTQSPSLLSASTGDRVTISCRMSQGISSYLAWYQQKPGKAPELLIYAASTLQSGVPSRFSGSGSGTDFTLTISCLQSEDFATYYCQQYYSFP,IGKV1D-8*02,homo sapiens,IGKV
VIWMTQSPSLLSASTGDRVTISCRMSQGISSYLAWYQQKPGKAPELLIYAASTLQSGVPSRFSGSGSGTDFTLTISCLQSEDFATYYCQQYYSFP,IGKV1D-8*03,homo sapiens,IGKV
DIVMTQTPPSLPVNPGEPASISCRSSQSLLHSNGYTYLHWYLQKPGQSPQLLIYRVSNHLSGVPDRFSGSGSGSDFTLKISWVEAEDVGVYYCMQATQFP,IGKV2-18*01,homo sapiens,IGKV
DIVMTQTPLSSPVTLGQPASISCRSSQSLVHSDGNTYLSWLQQRPGQPPRLLIYKISNRFSGVPDRFSGSGAGTDFTLKISRVEAEDVGVYYCMQATQFP,IGKV2-24*01,homo sapiens,IGKV
DIVMTQSPLSLPVTPGEPASISCRSSQSLLHSNGYNYLDWYLQKPGQSPQLLIYLGSNRASGVPDRFSGSGSGTDFTLKISRVEAEDVGVYYCMQALQTP,IGKV2-28*01,homo sapiens,IGKV
DIVMTQTPLSLSVTPGQPASISCKSSQSLLHSDGKTYLYWYLQKPGQSPQLLIYEVSSRFSGVPDRFSGSGSGTDFTLKISRVEAEDVGVYY*MQGIHLP,IGKV2-29*01,homo sapiens,IGKV
DIVMTQTPLSLSVTPGQPASISCKSSQSLLHSDGKTYLYWYLQKPGQSPQLLIYEVSSRFSGVPDRFSGSGSGTDFTLKISRVEAEDVGVYYCMQGIHLP,IGKV2-29*02,homo sapiens,IGKV
DIVMTQTPLSLSVTPGQPASISCKSSQSLLHSDGKTYLYWYLQKPGQSPQLLIYEVSSRFSGVPDRFSGSGSGTDFTLKISRVEAEDVGVYYCMQGIHLP,IGKV2-29*03,homo sapiens,IGKV
DVVMTQSPLSLPVTLGQPASISCRSSQSLVYSDGNTYLNWFQQRPGQSPRRLIYKVSNRDSGVPDRFSGSGSGTDFTLKISRVEAEDVGVYYCMQGTHWP,IGKV2-30*01,homo sapiens,IGKV
DVVMTQSPLSLPVTLGQPASISCRSSQSLVHSDGNTYLNWFQQRPGQSPRRLIYKVSNRDSGVPDRFSGSGSGTDFTLKISRVEAEDVGVYYCMQGTHWP,IGKV2-30*02,homo sapiens,IGKV
DIVMTQHLLSLPIPLGEPASISCRSSQSLLHSDGNTYLDWYLQKPGQSPQLLIYTISNKFYGVPNKFSGSRSGTGFTLKFSKVEAEDVGVYCCEQGLQGP,IGKV2-4*01,homo sapiens,IGKV
DIVMTQTPLSLPVTPGEPASISCRSSQSLLDSDDGNTYLDWYLQKPGQSPQLLIYTLSYRASGVPDRFSGSGSGTDFTLKISRVEAEDVGVYYCMQRIEFP,IGKV2-40*01,homo sapiens,IGKV
ASISCRSSQSLLDSDDGNTYLDCYLQKPGQSPQLLIYTLSYRASGVPDRFSDSGSGTDFTLKISRVEAEDVGVYYCMQRIEFP,IGKV2-40*02,homo sapiens,IGKV
DILLTQTPLSLSITPGEPASISCRSSRSLLHSNGNTYLHW*LQKPGQPPQCLICKVSNRFSGVPDRFSGSGSGIDFTLKISPVEAADVGVYITACKLHTGP,IGKV2/OR2-7D*01,homo sapiens,IGKV
DIVMTQTPLSLPVTPGEPASISCRSSESLLDTDDEYTYLNWYLQKPGQSPQLLIYEVSNRASGVPDRFSGSGSGTDFTLKISRVEA*DVGVYYCMQALQTP,IGKV2/OR22-4*01,homo sapiens,IGKV
DIVMTQTPPSLPVNPGEPASISCRSSQSLLHSNGYTYLHWYPQKPGQSPQLLIYRVSSRFSGVPDRFSGSGSGSDFTLKISWVEAEDVGVYYCMQATQFP,IGKV2D-18*01,homo sapiens,IGKV
DIVMTQTPLSSPVTLGQPASISFRSSQSLVHSDGNTYLSWLQQRPGQPPRLLIYKVSNRFSGVPDRFSGSGAGTDFTLKISRVEAEDVGVYYCTQATQFP,IGKV2D-24*01,homo sapiens,IGKV
EIVMTQTPLSLSITPGEQASISCRSSQSLLHSDGYTYLYWFLQKARPVSTLLIYEVSNRFSGVPDRFSGSGSGTDFTLKISRVEAEDFGVYYCMQDAQDP,IGKV2D-26*01,homo sapiens,IGKV
EIVMTQTPLSLSITPGEQASMSCRSSQSLLHSDGYTYLYWFLQKARPVSTLLICEVSNRFSGVPDRFSGSGSGTDFTLKISRVEAEDFGVYYCMQDAQDP,IGKV2D-26*02,homo sapiens,IGKV
EIVMTQTPLSLSITPGEQASMSCRSSQSLLHSDGYTYLYWFLQKARPVSTLLIYEVSNRFSGVPDRFSGSGSGTDFTLKISRVEAEDFGVYYCMQDAQDP,IGKV2D-26*03,homo sapiens,IGKV
DIVMTQSPLSLPVTPGEPASISCRSSQSLLHSNGYNYLDWYLQKPGQSPQLLIYLGSNRASGVPDRFSGSGSGTDFTLKISRVEAEDVGVYYCMQALQTP,IGKV2D-28*01,homo sapiens,IGKV
DIVMTQTPLSLSVTPGQPASISCKSSQSLLHSDGKTYLYWYLQKPGQPPQLLIYEVSNRFSGVPDRFSGSGSGTDFTLKISRVEAEDVGVYYCMQSIQLP,IGKV2D-29*01,homo sapiens,IGKV
DIVMTQTPLSLSVTPGQPASISCKSSQSLLHSDGKTYLYWYLQKPGQSPQLLIYEVSNRFSGVPDRFSGSGSGTDFTLKISRVEAEDVGVYYCMQSIQLP,IGKV2D-29*02,homo sapiens,IGKV
DVVMTQSPLSLPVTLGQPASISCRSSQSLVYSDGNTYLNWFQQRPGQSPRRLIYKVSNWDSGVPDRFSGSGSGTDFTLKISRVEAEDVGVYYCMQGTHWP,IGKV2D-30*01,homo sapiens,IGKV
DIVMTQTPLSLPVTPGEPASISCRSSQSLLDSDDGNTYLDWYLQKPGQSPQLLIYTLSYRASGVPDRFSGSGSGTDFTLKISRVEAEDVGVYYCMQRIEFP,IGKV2D-40*01,homo sapiens,IGKV
EIVLTQSPATLSLSPGERATLSCRASQSVSSYLAWYQQKPGQAPRLLIYDASNRATGIPARFSGSGSGTDFTLTISSLEPEDFAVYYCQQRSNWP,IGKV3-11*01,homo sapiens,IGKV
EIVLTQSPATLSLSPGERATLSCRASQSVSSYLAWYQQKPGQAPRLLIYDASNRATGIPARFSGSGSGRDFTLTISSLEPEDFAVYYCQQRSNWP,IGKV3-11*02,homo sapiens,IGKV
EIVMTQSPATLSVSPGERATLSCRASQSVSSNLAWYQQKPGQAPRLLIYGASTRATGIPARFSGSGSGTEFTLTISSLQSEDFAVYYCQQYNNWP,IGKV3-15*01,homo sapiens,IGKV
EIVLTQSPGTLSLSPGERATLSCRASQSVSSSYLAWYQQKPGQAPRLLIYGASSRATGIPDRFSGSGSGTDFTLTISRLEPEDFAVYYCQQYGSSP,IGKV3-20*01,homo sapiens,IGKV
EIVLTQSPATLSLSPGERATLSCRASQSVSSSYLAWYQQKPGQAPRLLIYGASSRATGIPARFSGSGSGTDFTLTISRLEPEDFAVYYCQ,IGKV3-20*02,homo sapiens,IGKV
EIVMTQSPPTLSLSPGERVTLSCRASQSVSSSYLTWYQQKPGQAPRLLIYGASTRATSIPARFSGSGSGTDFTLTISSLQPEDFAVYYCQQDHNLP,IGKV3-7*01,homo sapiens,IGKV
EIVMTQSPPTLSLSPGERVTLSCRASQSVSSSYLSWYQQKPGQAPRLLIYGASTRATGIPARFSGSGSGTDFTLTISSLQPEDFAVYYCQQDYNLP,IGKV3-7*02,homo sapiens,IGKV
EIVMTQSPPTLSLSPGERVTLSCRASQSVSSSYLTWYQQKPGQAPRLLIYGASTRATSIPARFSGSGSGRDFTLTISSLQPEDFAVYYCQQDHNLP,IGKV3-7*03,homo sapiens,IGKV
EIVMTQSPPTLSLSPGERVTLSCRASQSVSSSYLTWYQQKPGQAPRLLIYGASTRATSIPARFSGSGSGTDFTLTISSLQPEDFAVYYCQQDYNLP,IGKV3-7*04,homo sapiens,IGKV
EIVMTQSPATLSLSPGERATLSCRASQSVSSSYLSWYQQKPGQAPRLLIYGASTRATGIPARFSGSGSGTDFTLTISSLQPEDFAVYYCQQDYNLP,IGKV3/OR2-268*01,homo sapiens,IGKV
EIVMTQSPATLSLSPGERATLSCRASQSVSSSYLSWYQQKPGQAPRLLIYGASTRATGIPARFSGSGSGTDFTLTISSLQPEDFAVYYCQQDYNLP,IGKV3/OR2-268*02,homo sapiens,IGKV
EIVLTQSPATLSLSPGERATLSCRASQGVSSYLAWYQQKPGQAPRLLIYDASNRATGIPARFSGSGPGTDFTLTISSLEPEDFAVYYCQQRSNWH,IGKV3D-11*01,homo sapiens,IGKV
EIVLTQSPATLSLSPGERATLSCRASQSVSSYLAWYQQKPGQAPRLLIYDASNRATGIPARFSGSGPGTDFTLTISSLEPEDFAVYYCQQRSNWH,IGKV3D-11*02,homo sapiens,IGKV
EIVLTQSPATLSLSPGERATLSCRASQGVSSNLAWYQQKPGQAPRLLIYDASNRATGIPARFSGSGPGTDFTLTISSLEPEDFAVYYCQQRSNWH,IGKV3D-11*03,homo sapiens,IGKV
EIVMTQSPATLSVSPGERATLSCRASQSVSSNLAWYQQKPGQAPRLLIYGASTRATGIPARFSGSGSGTEFTLTISSLQSEDFAVYYCQQYNNWP,IGKV3D-15*01,homo sapiens,IGKV
EIVMMQSPATLSVSPGERATLSCRASQSVSSNLAWYQQKPGQAPRLLIYGASTRATGIPARFSGSGSGTEFTLTISSLQSEDFAVYYCQQYNN*P,IGKV3D-15*02,homo sapiens,IGKV
EIVMTQSPATLSVSPGERATLSCRASQSVSSNLAWYQQKPGQAPRLLIYGASIRATGIPARFSGSGSGTEFTLTISILQSEDFAVYYCQQYNNWP,IGKV3D-15*03,homo sapiens,IGKV
EIVLTQSPATLSLSPGERATLSCGASQSVSSSYLAWYQQKPGLAPRLLIYDASSRATGIPDRFSGSGSGTDFTLTISRLEPEDFAVYYCQQYGSSP,IGKV3D-20*01,homo sapiens,IGKV
EIVLTQSPATLSLSPGERATLSCRASQSVSSSYLAWYQQKPGQAPRLLIYDASSRATGIPDRFSGSGSGTDFTLTISRLEPEDFAVYYCQQRSNWH,IGKV3D-20*02,homo sapiens,IGKV
EIVMTQSPATLSLSPGERATLSCRASQSVSSSYLSWYQQKPGQAPRLLIYGASTRATGIPARFSGSGSGTDFTLTISSLQPEDFAVYYCQQDYNLP,IGKV3D-7*01,homo sapiens,IGKV
DIVMTQSPDSLAVSLGERATINCKSSQSVLYSSNNKNYLAWYQQKPGQPPKLLIYWASTRESGVPDRFSGSGSGTDFTLTISSLQAEDVAVYYCQQYYSTP,IGKV4-1*01,homo sapiens,IGKV
ETTLTQSPAFMSATPGDKVNISCKASQDIDDDMNWYQQKPGEAAIFIIQEATTLVPGIPPRFSGSGYGTDFTLTINNIESEDAAYYFCLQHDNFP,IGKV5-2*01,homo sapiens,IGKV
EIVLTQSPDFQSVTPKEKVTITCRASQSIGSSLHWYQQKPDQSPKLLIKYASQSFSGVPSRFSGSGSGTDFTLTINSLEAEDAATYYCHQSSSLP,IGKV6-21*01,homo sapiens,IGKV
EIVLTQSPDFQSVTPKEKVTITCRASQSIGSSLHWYQQKPDQSPKLLIKYASQSISGVPSRFSGSGSGTDFTLTINSLEAEDAATYYCHQSSSLP,IGKV6-21*02,homo sapiens,IGKV
EIVLTQSPDFQSVTPKEKVTITCRASQSIGSSLHWYQQKPDQSPKLLIKYASQSFSGVPSRFSGSGSGTDFTLTINSLEAEDAATYYCHQSSSLP,IGKV6D-21*01,homo sapiens,IGKV
EIVLTQSPDFQSVTPKEKVTITCRASQSIGSSLHWYQQKPDQSPKLLIKYASQSISGVPSRFSGSGSGTDFTLTINSLEAEDAAAYYCHQSSSLP,IGKV6D-21*02,homo sapiens,IGKV
DVVMTQSPAFLSVTPGEKVTITCQASEGIGNYLYWYQQKPDQAPKLLIKYASQSISGVPSRFSGSGSGTDFTFTISSLEAEDAATYYCQQGNKHP,IGKV6D-41*01,homo sapiens,IGKV
DIVLTQSPASLAVSPGQRATITCRASESVSFLGINLIHWYQQKPGQPPKLLIYQASNKDTGVPARFSGSGSGTDFTLTINPVEANDTANYYCLQSKNFP,IGKV7-3*01,homo sapiens,IGKV
YVFGTGTKVTVL,IGLJ1*01,homo sapiens,IGLJ
VVFGGGTKLTVL,IGLJ2*01,homo sapiens,IGLJ
VVFGGGTKLTVL,IGLJ3*01,homo sapiens,IGLJ
WVFGGGTKLTVL,IGLJ3*02,homo sapiens,IGLJ
FVFGGGTQLIIL,IGLJ4*01,homo sapiens,IGLJ
WVFGEGTELTVL,IGLJ5*01,homo sapiens,IGLJ
WVFGEGTELTVL,IGLJ5*02,homo sapiens,IGLJ
NVFGSGTKVTVL,IGLJ6*01,homo sapiens,IGLJ
AVFGGGTQLTVL,IGLJ7*01,homo sapiens,IGLJ
AVFGGGTQLTAL,IGLJ7*02,homo sapiens,IGLJ
QSVLTQPPSVSEAPRQRVTISCSGSSSNIGNNAVNWYQQLPGKAPKLLIYYDDLLPSGVSDRFSGSKSGTSASLAISGLQSEDEADYYCAAWDDSLNG,IGLV1-36*01,homo sapiens,IGLV
QSVLTQPPSVSGAPGQRVTISCTGSSSNIGAGYDVHWYQQLPGTAPKLLIYGNSNRPSGVPDRFSGSKSGTSASLAITGLQAEDEADYYCQSYDSSLSG,IGLV1-40*01,homo sapiens,IGLV
QSVVTQPPSVSGAPGQRVTISCTGSSSNIGAGYDVHWYQQLPGTAPKLLIYGNSNRPSGVPDRFSGSKSGTSASLAITGLQAEDEADYYCQSYDSSLSG,IGLV1-40*02,homo sapiens,IGLV
QSVVTQPPSVSGAPGQRVTISCTGSSSNIGAGYDVHWYQQLPGTAPKLLIYGNSNRPSGVPDRFSGSKSGASASLAITGLQAEDEADYYCQSYDSSLSG,IGLV1-40*03,homo sapiens,IGLV
QSVLTQPPSVSAAPGQKVTISCSGSSSDMGNYAVSWYQQLPGTAPKLLIYENNKRPSGIPDRFSGSKSGTSATLGITGLWPEDEADYYCLAWDTSPRA,IGLV1-41*01,homo sapiens,IGLV
QSVLTQPPSVSAAPGQKVTISCSGSSSDMGNYAVSWYQQLPGTAPKLLIYENNKRPSGIPDRFSGSKSGTSATLGITGLWPED*ADYYCLAWDTSLRA,IGLV1-41*02,homo sapiens,IGLV
QSVLTQPPSASGTPGQRVTISCSGSSSNIGSNTVNWYQQLPGTAPKLLIYSNNQRPSGVPDRFSGSKSGTSASLAISGLQSEDEADYYCAAWDDSLNG,IGLV1-44*01,homo sapiens,IGLV
QSVLTQPPSASGTPGQRVTISCSGSSSNIGSNYVYWYQQLPGTAPKLLIYRNNQRPSGVPDRFSGSKSGTSASLAISGLRSEDEADYYCAAWDDSLSG,IGLV1-47*01,homo sapiens,IGLV
QSVLTQPPSASGTPGQRVTISCSGSSSNIGSNYVYWYQQLPGTAPKLLIYSNNQRPSGVPDRFSGSKSGTSASLAISGLRSEDEADYYCAAWDDSLSG,IGLV1-47*02,homo sapiens,IGLV
QSVLTQPPSASGTPGQRVTISCSGSSSNIGSNYVYWYQQLPGTAPKLLIYRNNQRPSGVPDRFSGSKSGTSASLAISGLWSEDEADYYCAAWDDSLSG,IGLV1-47*03,homo sapiens,IGLV
QSVLTQPPSVSGAPGQRVTISCTGSSSNIGAGYVVHWYQQLPGTAPKLLIYGNSNRPSGVPDQFSGSKSGTSASLAITGLQSEDEADYYCKAWDNSLNA,IGLV1-50*01,homo sapiens,IGLV
QSVLTQPPSVSAAPGQKVTISCSGSSSNIGNNYVSWYQQLPGTAPKLLIYDNNKRPSGIPDRFSGSKSGTSATLGITGLQTGDEADYYCGTWDSSLSA,IGLV1-51*01,homo sapiens,IGLV
QSVLTQPPSVSAAPGQKVTISCSGSSSNIGNNYVSWYQQLPGTAPKLLIYENNKRPSGIPDRFSGSKSGTSATLGITGLQTGDEADYYCGTWDSSLSA,IGLV1-51*02,homo sapiens,IGLV
QSVLTQPPSVSWATRQRLTVSCTGSSSNTGTGYNVNCWQ*LPRTDPKLLRHGDKNWASWVSDQFSGSKSGSLASLGTTGLWAEDKTDYHCQSRDIC*VL,IGLV1-62*01,homo sapiens,IGLV
QAGLTQPPSVSKGLRQTATLTCTGNSNNVGNQGAAWLQQHQGHPPKLLSYRNNNRPSGISERLSASRSGNTASLTITGLQPEDEADYYCSAWDSSLSA,IGLV10-54*01,homo sapiens,IGLV
QAGLTQPPSVSKGLRQTATLTCTGNSNIVGNQGAAWLQQHQGHPPKLLSYRNNNRPSGISERFSASRSGNTASLTITGLQPEDEADYYCSALDSSLSA,IGLV10-54*02,homo sapiens,IGLV
QAGLTQPPSVSKGLRQTATLTCTGNSNNVGNQGAAWPEQHQGHPPKLLSYRNNNRPSGISERLSASRSGNTASLTITGLQPEDEADYYCSAWDSSLSA,IGLV10-54*03,homo sapiens,IGLV
RPVLTQPPSLSASPGATARLPCTLSSDLSVGGKNMFWYQQKPGSSPRLFLYHYSDSDKQLGPGVPSRVSGSKETSSNTAFLLISGLQPEDEADYYCQVYESSAN,IGLV11-55*01,homo sapiens,IGLV
RPVLTQPPSLSASPGATARLPCTLSSDLSVGGKNMFWYQQKLGSSPRLFLYHYSDSDKQLGPGVPSRVSGSKETSSNTAFLLISGLQPEDEADYYCQVYESSAN,IGLV11-55*02,homo sapiens,IGLV
QSALTQPRSVSGSPGQSVTISCTGTSSDVGGYNYVSWYQQHPGKAPKLMIYDVSKRPSGVPDRFSGSKSGNTASLTISGLQAEDEADYYCCSYAGSYTF,IGLV2-11*01,homo sapiens,IGLV
QSALTQPRSVSGSPGQSVTISCTGTSSDVGGYNYVSWYQQHPGKAPKLMIYDVSKRPSGVPDRFSGSKSGNTASLTISGLQAEDEADYYCCSYAGSYTF,IGLV2-11*02,homo sapiens,IGLV
SVSGSPGQSVTISCTGTSSDVGGYNYVSWYQQHPGKAPKLMIYDVSKRPSGVPDRFSGSKSGNTASLTISGLQAEDEADYYCCSYAGSYTF,IGLV2-11*03,homo sapiens,IGLV
QSALTQPASVSGSPGQSITISCTGTSSDVGGYNYVSWYQQHPGKAPKLMIYEVSNRPSGVSNRFSGSKSGNTASLTISGLQAEDEADYYCSSYTSSSTL,IGLV2-14*01,homo sapiens,IGLV
QSALTQPASVSGSPGQSITISCTGTSSDVGSYNLVSWYQQHPGKAPKLMIYEGSKRPSGVSNRFSGSKSGNTASLTISGLQAEDEADYYCSSYTSSSTL,IGLV2-14*02,homo sapiens,IGLV
QSALTQPASVSGSPGQSITISCTGTSSDVGGYNYVSWYQQHPGKAPKLMIYDVSNRPSGVSNRFSGSKSGNTASLTISGLQAEDEADYYCSSYTSSSTL,IGLV2-14*03,homo sapiens,IGLV
SVSGSPGQSITISCTGTSSDVGGYNYVSWYQQHPGKAPKLMIYDVSNRPSGVSNRFSGSKSGNTASLTISGLQAEDEADYYCSSYTSSSTL,IGLV2-14*04,homo sapiens,IGLV
QSALTQPPSVSGSPGQSVTISCTGTSSDVGSYNRVSWYQQPPGTAPKLMIYEVSNRPSGVPDRFSGSKSGNTASLTISGLQAEDEADYYCSLYTSSSTF,IGLV2-18*01,homo sapiens,IGLV
QSALTQPPSVSGSPGQSVTISCTGTSSDVGSYNRVSWYQQPPGTAPKLMIYEVSNRPSGVPDRFSGSKSGNTASLTISGLQAEDEADYYCSSYTSSSTF,IGLV2-18*02,homo sapiens,IGLV
QSALTQPPSVSGSPGQSVTISCTGTSSDVGSYNRVSWYQQPPGTAPKLMIYEVSNRPSGVPDRFSGSKSGNTASLTTSGLQAEDEADYYCSSYTSSSTF,IGLV2-18*03,homo sapiens,IGLV
QSALTQPPSVSGSPGQSVTISCTGTSSDVGSYNRVSWYQQPPGTAPKLMIYEVSNRPSGVPDRSSGSKSGNTASLTISGLQAEDEADYYCSSYTSSSTF,IGLV2-18*04,homo sapiens,IGLV
QSALTQPASVSGSPGQSITISCTGTSSDVGSYNLVSWYQQHPGKAPKLMIYEGSKRPSGVSNRFSGSKSGNTASLTISGLQAEDEADYYCCSYAGSSTL,IGLV2-23*01,homo sapiens,IGLV
QSALTQPASVSGSPGQSITISCTGTSSDVGSYNLVSWYQQHPGKAPKLMIYEVSKRPSGVSNRFSGSKSGNTASLTISGLQAEDEADYYCCSYAGSSTF,IGLV2-23*02,homo sapiens,IGLV
QSALTQPASVSGSPGQSITISCTGTSSDVGSYNLVSWYQQHPGKAPKLMIYEGSKRPSGVSNRFSGSKSGNTASLTISGLQAEDEADYYCCSYAGSSTF,IGLV2-23*03,homo sapiens,IGLV
QSALTQPPFVSGAPGQSVTISCTGTSSDVGDYDHVFWYQKRLSTTSRLLIYNVNTRPSGISDLFSGSKSGNMASLTISGLKSEVEANYHCSLYSSSYTF,IGLV2-33*01,homo sapiens,IGLV
QSALTQPPFVSGAPGQSVTISCTGTSSDVGDYDHVFWYQKRLSTTSRLLIYNVNTRPSGISDLFSGSKSGNMASLTISGLKSEVEANYHCSLYSSSYTF,IGLV2-33*02,homo sapiens,IGLV
QSALTQPPFVSGAPGQSVTISCTGTSSDVGDYDHVFWYQKRLSTTSRLLIYNVNTRPSGISDLFSGSKSGNVASLTISGLKSEVEANYHCSLYSSSYTF,IGLV2-33*03,homo sapiens,IGLV
QSVLTQPRSVSRSPGQ*VTIFCTGTSSDIGGYDLVSWCQ*HPGKAPKLMIYDVANWPSGAPGCFSGSKSGNTASLTISGLQAEDEADYYCSSYAGSYNF,IGLV2-34*01,homo sapiens,IGLV
QSVLTQPRSVSRSPGQ*VTIFCTGTSSDIGGYDLVSWCQ*HPGKAPKLMIYDVGNWPSGAPGCFSGSKSGNTASLTISGLQAEDEADYYCSSYAGSYNF,IGLV2-34*02,homo sapiens,IGLV
QSALIQPPSVSGSPGQSVTISCTGTSSDVGSYDYVSWYQQHPGTVPKPMIYNVNTQPSGVPDRFSGSKSGNTASMTISGLQAEDEADY*CCSYTSSAT*,IGLV2-5*01,homo sapiens,IGLV
QSALIQPPSVSGSPGQSVTISCTGTSSDVGSYDYVSWYQQHPGTVPKPMIYNVNTRPSGVPDRFSGSKSGNTASMTISGLQAEDEADY*CCSYTSSAT*,IGLV2-5*02,homo sapiens,IGLV
QSALTQPPSASGSPGQSVTISCTGTSSDVGGYNYVSWYQQHPGKAPKLMIYEVSKRPSGVPDRFSGSKSGNTASLTVSGLQAEDEADYYCSSYAGSNNF,IGLV2-8*01,homo sapiens,IGLV
QSALTQPPSASRSPGQSVTISCTGTSSDVGGYNYVSWYQQHPGKAPKLMIYEVSKRPSGVPDRFSGSKSGNTASLTVSGLQAEDEADYYCSSYAGSNNF,IGLV2-8*02,homo sapiens,IGLV
SASGSPGQSVTISCTGTSSDVGGYNYVSWYQQHPGKAPKLMIYEVSKRPSGVPDRFFGSKSGNTASLTVSGLQAEDEADYYCSSYAGSNNF,IGLV2-8*03,homo sapiens,IGLV
SYELTQPPSVSVSPGQTASITCSGDKLGDKYACWYQQKPGQSPVLVIYQDSKRPSGIPERFSGSNSGNTATLTISGTQAMDEADYYCQAWDSSTA,IGLV3-1*01,homo sapiens,IGLV
SYELTQPPSVSVSPGQTARITCSGDALPKKYAYWYQQKSGQAPVLVIYEDSKRPSGIPERFSGSSSGTMATLTISGAQVEDEADYYCYSTDSSGNH,IGLV3-10*01,homo sapiens,IGLV
SYELTQPPSVSVSPGQTARITCSGDALPKKYAYWYQQKSGQAPVLVIYKDSKRPSGIPERFSGSSSGTMATLTISGAQVEDEDDYYCYSADYSGN,IGLV3-10*02,homo sapiens,IGLV
SYELTQPPSVSVSPGQTARITCSGDALPKKYAYWYQQKSGQAPVLVIYEDSKRPSGIPERFSGSSSGTMATLTISGAQVEDEDDYYCYSTDSSGNH,IGLV3-10*03,homo sapiens,IGLV
SYELTQPHSVSVATAQMARITCGGNNIGSKAVHWYQQKPGQDPVLVIYSDSNRPSGIPERFSGSNPGNTTTLTISRIEAGDEADYYCQVWDSSSDH,IGLV3-12*01,homo sapiens,IGLV
SYELTQPHSVSVATAQMARITCGGNNIGSKAVHWYQQKPGQDPVLVIYSDSNRPSGIPERFSGSNPGNTATLTISRIEAGDEADYYCQVWDSSSDH,IGLV3-12*02,homo sapiens,IGLV
SYELTQPPAVSVSPGQTARISCSGDVLRDNYADWYPQKPGQAPVLVIYKDGERPSGIPERFSGSTSGNTTALTISRVLTKGGADYYCFSGD*NN,IGLV3-13*01,homo sapiens,IGLV
SYELTQPPAVSVSPGQTARISCSGDVLRDNYADWYPQKPGQTPVLVIYKDGERPSGIPERFSGSTSGNTTALTISRVLTKGGADYYCFSGD*NN,IGLV3-13*02,homo sapiens,IGLV
SYELTQPPSVSVSLGQMARITCSGEALPKKYAYWYQQKPGQFPVLVIYKDSERPSGIPERFSGSSSGTIVTLTISGVQAEDEADYYCLSADSSGTY,IGLV3-16*01,homo sapiens,IGLV
SSELTQDPAVSVALGQTVRITCQGDSLRSYYASWYQQKPGQAPVLVIYGKNNRPSGIPDRFSGSSSGNTASLTITGAQAEDEADYYCNSRDSSGNH,IGLV3-19*01,homo sapiens,IGLV
SSELTQDPAVSVALGQTVRITCQGDSLRSYYASWYQQKPGQAPVRVIYGKNNRPSGIPDRFSGSSSGNTASLTITGAQAEDEADYYCNSWDSSGNH,IGLV3-19*02,homo sapiens,IGLV
SYVLTQPPSVSVAPGKTARITCGGNNIGSKSVHWYQQKPGQAPVLVIYYDSDRPSGIPERFSGSNSGNTATLTISRVEAGDEADYYCQVWDSSSDH,IGLV3-21*01,homo sapiens,IGLV
SYVLTQPPSVSVAPGQTARITCGGNNIGSKSVHWYQQKPGQAPVLVVYDDSDRPSGIPERFSGSNSGNTATLTISRVEAGDEADYYCQVWDSSSDH,IGLV3-21*02,homo sapiens,IGLV
SYVLTQPPSVSVAPGKTARITCGGNNIGSKSVHWYQQKPGQAPVLVVYDDSDRPSGIPERFSGSNSGNTATLTISRVEAGDEADYYCQVWDSSSDH,IGLV3-21*03,homo sapiens,IGLV
SYVLTQPPSVSVAPGKTARITCGGNNIGSKSVHWYQQKPGQAPVLVIYYDSDRPSGIPERFSGSNSGNTATLTISRVEAGDEADYYCQVWDSSSDH,IGLV3-21*04,homo sapiens,IGLV
SYELTQLPSVSVSPGQTARITCSGDVLGENYADWYQQKPGQAPELVIYEDSERYPGIPERFSGSTSGNTTTLTISRVLTEDEADYYCLSGDEDN,IGLV3-22*01,homo sapiens,IGLV
SYELTQLPSVSLSPGQKARITCSGDVLGKNYADWYQQKPGQAPELVIYEDSERYPGIPERFSGSTSGNTTTLTISRVLTEDEADYYCLSGNEDN,IGLV3-22*03,homo sapiens,IGLV
SYELMQPPSVSVSPGQTARITCSGDALPKQYAYWYQQKPGQAPVLVIYKDSERPSGIPERFSGSSSGTTVTLTISGVQAEDEADYYCQSADSSGTY,IGLV3-25*01,homo sapiens,IGLV
SYELTQPPSVSVSPGQTARITCSGDALPKQYAYWYQQKPGQAPVLVIYKDSERPSGIPERFSGSSSGTTVTLTISGVQAEDEADYYCQSADSSGTY,IGLV3-25*02,homo sapiens,IGLV
SYELTQPPSVSVSPGQTARITCSGDALPKQYAYWYQQKPGQAPVLVIYKDSERPSGIPERFSGSSSGTTVTLTISGVQAEDEADYYCQSADSSGTY,IGLV3-25*03,homo sapiens,IGLV
SYELTQPSSVSVSPGQTARITCSGDVLAKKYARWFQQKPGQAPVLVIYKDSERPSGIPERFSGSSSGTTVTLTISGAQVEDEADYYCYSAADNN,IGLV3-27*01,homo sapiens,IGLV
SSELSQEPAVSVALG*TARITCQGDSIEDSVVNWYKQKPSQAPGLVI*LNSVQSSGIPKKFSGSSSGNMATLTITGIQVEDKADYYCQSWDSSRTH,IGLV3-31*01,homo sapiens,IGLV
SSELSQEPAVSVSLG*TARITCQGDSIEDSVVNWYKQKPSQAPGLVI*LNSVQSSGIPKKFSGSSSGNMATLTITGIQVEDKADYYCQSWDSSRTH,IGLV3-31*02,homo sapiens,IGLV
SSGPTQVPAVSVALGQMARITCQGDSMEGSYEHWYQQKPGQAPVLVIYDSSDRPSRIPERFSGSKSGNTTTLTITGAQAEDEADYYYQLIDNHATQ,IGLV3-32*01,homo sapiens,IGLV
SYELTQPLSVSVALGQTARITCGGNNIGSKNVHWYQQKPGQAPVLVIYRDSNRPSGIPERFSGSNSGNTATLTISRAQAGDEADYYCQVWDSSTA,IGLV3-9*01,homo sapiens,IGLV
SYELTQPLSVSVALGQAARITCGGNNLGYKSVHWYQQKPGQAPVLVIYRDNNRPSGIPERFSGSNSGNTATLTISRAQAGDEADYYCQVWDSSTAH,IGLV3-9*02,homo sapiens,IGLV
LPVLTQPPSASALLGASIKLTCTLSSEHSTYTIEWYQQRPGRSPQYIMKVKSDGSHSKGDGIPDRFMGSSSGADRYLTFSNLQSDDEAEYHCGESHTIDGQVG*,IGLV4-3*01,homo sapiens,IGLV
QPVLTQSSSASASLGSSVKLTCTLSSGHSSYIIAWHQQQPGKAPRYLMKLEGSGSYNKGSGVPDRFSGSSSGADRYLTISNLQLEDEADYYCETWDSNT,IGLV4-60*01,homo sapiens,IGLV
QPVLTQSSSASASLGSSVKLTCTLSSGHSSYIIAWHQQQPGKAPRYLMKLEGSGSYNKGSGVPDRFSGSSSGADRYLTISNLQFEDEADYYCETWDSNT,IGLV4-60*02,homo sapiens,IGLV
QPVLTQSSSASASLGSSVKLTCTLSSGHSSYIIAWHQQQPGKAPRYLMKLEGSGSYNKGSGVPDRFSGSSSGADRYLTISNLQSEDEADYYCETWDSNT,IGLV4-60*03,homo sapiens,IGLV
QLVLTQSPSASASLGASVKLTCTLSSGHSSYAIAWHQQQPEKGPRYLMKLNSDGSHSKGDGIPDRFSGSSSGAERYLTISSLQSEDEADYYCQTWGTGI,IGLV4-69*01,homo sapiens,IGLV
QLVLTQSPSASASLGASVKLTCTLSSGHSSYAIAWHQQQPEKGPRYLMKLNSDGSHSKGDGIPDRFSGSSSGAERYLTISSLQSEDEADYYCQTWGTGI,IGLV4-69*02,homo sapiens,IGLV
QPVLTQPPSSSASPGESARLTCTLPSDINVGSYNIYWYQQKPGSPPRYLLYYYSDSDKGQGSGVPSRFSGSKDASANTGILLISGLQSEDEADYYCMIWPSNAS,IGLV5-37*01,homo sapiens,IGLV
QPVLTQPTSLSASPGASARFTCTLRSGINVGTYRIYWYQQKPGSLPRYLLRYKSDSDKQQGSGVPSRFSGSKDASTNAGLLLISGLQSEDEADYYCAIWYSSTS,IGLV5-39*01,homo sapiens,IGLV
QPVLTQPTSLSASPGASARFTCTLRSGINVGTYRIYWYQQNPGSLPRYLLRYKSDSDKQQGSGVPSRFSGSKDASTNAGLLLISGLQSEDEADYYCAIWYSSTS,IGLV5-39*02,homo sapiens,IGLV
QAVLTQPASLSASPGASASLTCTLRSGINVGTYRIYWYQQKPGSPPQYLLRYKSDSDKQQGSGVPSRFSGSKDASANAGILLISGLQSEDEADYYCMIWHSSAS,IGLV5-45*01,homo sapiens,IGLV
QAVLTQPSSLSASPGASASLTCTLRSGINVGTYRIYWYQQKPGSPPQYLLRYKSDSDKQQGSGVPSRFSGSKDASANAGILLISGLQSEDEADYYCMIWHSSAS,IGLV5-45*02,homo sapiens,IGLV
QAVLTQPSSLSASPGASASLTCTLRSGINVGTYRIYWYQQKPGSPPQYLLRYKSDSDKQQGSGVPSRFSGSKDASANAGILLISGLQSEDEADYYCMIWHSSAS,IGLV5-45*03,homo sapiens,IGLV
QAVLTQPSSLSASPGASASLTCTLCSGINVGTYRIYWYQQKPGSPPQYLLRYKSDSDKQQGSGVPSRFSGSKDASANAGILLISGLQSEDEADYYCMIWHSSAS,IGLV5-45*04,homo sapiens,IGLV
QPVLTQPTSLSASPGASARLTCTLRSGINLGSYRIFWYQQKPESPPRYLLSYYSDSSKHQGSGVPSRFSGSKDASSNAGILVISGLQSEDEADYYCMIWHSSAS,IGLV5-48*01,homo sapiens,IGLV
QAVLTQPTSLSASPGASARLTCTLRSGISVGSYRIYWYQQKPGSPPRYLLNYYSDSDKHQGSGVPSRFSGSKDASTNAGILFISGL*SEDEADYYCMIWHSSAS,IGLV5-48*02,homo sapiens,IGLV
QPVLTQPSSHSASSGASVRLTCMLSSGFSVGDFWIRWYQQKPGNPPRYLLYYHSDSNKGQGSGVPSRFSGSNDASANAGILRISGLQPEDEADYYCGTWHSNSKT,IGLV5-52*01,homo sapiens,IGLV
NFMLTQPHSVSESPGKTVTISCTRSSGSIASNYVQWYQQRPGSSPTTVIYEDNQRPSGVPDRFSGSIDSSSNSASLTISGLKTEDEADYYCQSYDSSN,IGLV6-57*01,homo sapiens,IGLV
NFMLTQPHSVSESPGKTVTISCTGSSGSIASNYVQWYQQRPGSAPTTVIYEDNQRPSGVPDRFSGSIDSSSNSASLTISGLKTEDEADYYCQSYDSSN,IGLV6-57*02,homo sapiens,IGLV
NFMLTQPHSVSESPGKTVTISCTRSSGSIASNYVQWYQQRPGSAPTTVIYEDNQRPSGVPDRFSGSIDSSSNSASLTISGLKTEDEADYYCQSYDSSN,IGLV6-57*03,homo sapiens,IGLV
QTVVTQEPSLTVSPGGTVTLTCASSTGAVTSGYYPNWFQQKPGQAPRALIYSTSNKHSWTPARFSGSLLGGKAALTLSGVQPEDEAEYYCLLYYGGAQ,IGLV7-43*01,homo sapiens,IGLV
QAVVTQEPSLTVSPGGTVTLTCGSSTGAVTSGHYPYWFQQKPGQAPRTLIYDTSNKHSWTPARFSGSLLGGKAALTLSGAQPEDEAEYYCLLSYSGAR,IGLV7-46*01,homo sapiens,IGLV
QAVVTQEPSLTVSPGGTVTLTCGSSTGAVTSGHYPYWFQQKPGQAPRTLIYDTSNKHSWTPARFSGSLLGGKAALTLLGAQPEDEAEYYCLLSYSGAR,IGLV7-46*02,homo sapiens,IGLV
QTVVTQEPSFSVSPGGTVTLTCGLSSGSVSTSYYPSWYQQTPGQAPRTLIYSTNTRSSGVPDRFSGSILGNKAALTITGAQADDESDYYCVLYMGSGI,IGLV8-61*01,homo sapiens,IGLV
QTVVTQEPSFSVSPGGTVTLTCGLSSGSVSTSYYPSWYQQTPGQAPRTLIYSTNTRSSGVPDCFSGSILGNKAALTITGAQADDESDYYCVLYMGSGI,IGLV8-61*02,homo sapiens,IGLV
VTQEPSFSVSPGGTVTLTCGLSSGSVSTSYYPSWYQQTPGQAPRTLIYSTNTRSSGVPDRFSGSILGNKAALTITGAQADDE,IGLV8-61*03,homo sapiens,IGLV
QSVVTQEPSLSGSPGGTVTLTCALSSGSVSTSHYPRWYQQTPGQAPHMLICSPNTCPSGVPGRFSGSILGNKAALTITGTQVDDDSDHYCVLYMGSGN,IGLV8/OR8-1*02,homo sapiens,IGLV
QPVLTQPPSASASLGASVTLTCTLSSGYSNYKVDWYQQRPGKGPRFVMRVGTGGIVGSKGDGIPDRFSVLGSGLNRYLTIKNIQEEDESDYHCGADHGSGSNFV*,IGLV9-49*01,homo sapiens,IGLV
QPVLTQPPSASASLGASVTLTCTLSSGYSNYKVDWYQQRPGKGPRFVMRVGTGGIVGSKGDGIPDRFSVLGSGLNRYLTIKNIQEEDESDYHCGADHGSGSNFV*,IGLV9-49*02,homo sapiens,IGLV
QPVLTQPPSASASLGASVTLTCTLSSGYSNYKVDWYQQRPGKGPRFVMRVGTGGIVGSKGDGIPDRFSVLGSGLNRYLTIKNIQEEDESDYHCGADHGSGSNFV*,IGLV9-49*03,homo sapiens,IGLV
